title,target
basketball connects people nice fundraising story non profit project senegal ,1
basketball connects people nice fundraising story non profit project senegal ,1
sui ,1
mike will made miley cyrus wiz khalifa juicy ,1
maxey like hal greer great jumper smooth athletic all time 76er point ,1
source energy earth eat this for maximum energy scientific answer what power hiims ,1
vienna champion 3x3 master paris ,1
look here who the champion the world u23 3x3 basketball ,1
nba highlight best handle play 2023 pre season ,1
what now ,1
coach any tryout advice ,1
out bound top nba shooting guard list ,1
guy bougth new basketball but it there much difference between and ,1
lebron previous location canthide find previous location looking given social medium account ,1
nyc hotel allegedly flooded with transvestite for start nba ,1
need more player ,1
need know the value something ,1
2008 final celtic lakers ,1
dior johnson got arrested will ever play the nba ,1
tearaway trouser ,1
fiba rule ejection player player ha leave the gym ,1
complete begginer hooper help ,1
torn acl anyways keep basketball skill ,1
1vs1 rise and sun tournament philly viral ballislife basketball foryou youtubeshorts explore next king meer ,1
lebron trynna young ,1
need help ,1
playing against bigger and stronger player ,1
should the clipper consider the retirement buffalo brave jersey ,1
question regarding team membership season ticket holder ,1
stephen smith say the celtic should protected ima udoka ,1
warrior twitter reacts video draymond punching poole warrior ,1
juco ,1
2022 preseason chicago bull denver nugget game preview ,1
bought pair lebron but they are too tight for feel like they mutilate finger and still have space for finger forward the shoe will they loose themself should return them squeeze finger together and feel like burning sole ,1
what should happen draymond green ,1
emilia clarke watch warrior rocket game houston ,1
jalen rose heart broken after watching the video draymond punching poole jalen jacoby ,1
all the basketball fan reddit what all think about draymond punching poole ,1
dunking ,1
what leg sleeve nba player use ,1
morant ,1
got kid school that ha string defense and need recommendation how get past ,1
doe stephen curry wear ankle brace every game ,1
best jersey for hot weather outside ,1
more asian player the naismith hall fame ,1
shuddhi package usage dosage ayurvedic immunity booster shuddhi ayurveda ,1
here amazing story about jarret jack great basketball player ,1
chicago bull win first preseason game against denver nugget 131 113 ,1
nba player giannis antetokounmpo dancing indian movie song ,1
how good ,1
what should work ,1
victor wembanyama the best draft prospect since lebron ,1
draft pic ,1
and taller than both parent could reach height like ,1
quick question ,1
young pointgod ,1
youth basketball ,1
let’ debate ,1
god ha entered into body ghost body same size this baptism the holy ghost ,1
tip for coaching basketball ,1
any tip getting better ball control ,1
tre mann the man highlight against adelaide 36ers tfdu ,1
basketball coach ,1
confronting dirty player ,1
here you can see story about brasilian player leandro barbosa ,1
here amazing story about leandro barbosa check out you want ,1
kobe bryant free throw practice game ,1
diwali meethe wali start bringing ayurveda life ayurveda everyday with acharya manish ,1
what team you want see the most nba ,1
that guy crazy ,1
what called when you get pressed corner and “accidentally” hit the ball the other player foot make out bounce they’ end ,1
lowering stress with optimal breathing ,1
video draymond green violently punching jordan poole ,1
honestly get dunk contest ’ tooooo nasty ,1
sidy cissoko draft eligibility ,1
driving job experience job portland 93k cdl board ,1
can you land stephen curry short ,1
shoot left handed and miss the left ,1
who athlete you like kick with ,1
slapping clacking noise ,1
缅甸正规实体百家乐【hn5696 com】 ,1
what good light weight basketball for outdoors ,1
swish swoosh basketball tiktok short youtubeshorts baby instagram college ,1
dunk nothingbutnet swoosh basketball tiktok short youtubeshorts baby instagram college ,1
little month baby boy putting the work getting his free throw the baller love “swish” and throw down you can see the other video page got some work but dude year old and his way ,1
swish nothingbutnet swoosh basketball tiktok short youtubeshorts baby instagram college ,1
’ wondering should get inch inch basketball hoop spalding exactaheight ,1
vertical jump advice ,1
atlanta hawk milwaukee buck head head the nba regular season all time game log ,1
lakers timberwolves head head record the nba season and playoff ,1
nba league pas coupon special ,1
vertical good ’ year old boy foot and can jump inch and sometimes higher ,1
how tall you have for girl basketball ,1
shooting help ,1
who you guy think will win most improved player ,1
reminder that bubble murray wa your favorite scorer favorite scorer ,1
about tryout any tip ,1
idk where else ask ’ houston where can fill basketball with air for free ,1
why regressing ,1
basketball shoe non basketball shoe ,1
basketball hell for ,1
wearing racket all goggles effective for protecting your eye basketball ,1
realistically could make school team without really crazy handle wouldn say really good the game anything probably below average compared other kid grade but have basic fundamental pretty much down ,1
anybody know where can know more deeply about defense principle and fundamental ,1
planning play 5on5 basketball either outside gym one thing need improve accuracy ,1
tank for webanyama ,1
here everything you need know ahead paris master ,1
can play train with soccer ball ,1
your opinion what the best basketball shoe 2022 ,1
american basketball league ,1
shaq the goat debate ,1
beginner older men rec league ,1
basketball career for those who couldn’ pro ,1
how good wa prime kawhi leonard actually ,1
doe playing basketball make you taller ,1
register 1xbet ,1
the worst basketball commercial ever ,1
first pick ,1
basketball drill workout ,1
offensive use forearm off ball ,1
off ball can player dislodge your arm when you boxing them out etc ,1
professional basketball coach reddit ,1
made video about the new era the nba lmk what ’all think ,1
favorite song while hooping ,1
the return midnight basketball and it oakland community ,1
what the best outdoor basketball ,1
skin ball peeling ,1
dumb question ,1
taller opponent ,1
here are information about upcoming 3x3 u23 world cup ,1
form ruined ,1
wtf the difference between gather step and taking three step ,1
setting pick ,1
have problem with jumping ,1
subreddit for unc basketball ,1
brooklyn net this season ,1
aau basketball coach destroys tiktokers ,1
are there any indoor basketball court montreal laval that not too expensive rent for training ,1
luka doncic second highest point scored single game eurobasket history holdthat reacts ,1
shoe for good deal ,1
shooting tip ,1
anyone know the brand this hoodie ,1
best ball for strictly outdoor use ,1
anyone have any tip how behind the back dribble ,1
this sacramento king fact bad ,1
top under ’” ,1
patellar tendinopathy help ,1
check out dagreatgod74 from kingswauveescobar www twitch ,1
kai sotto highlight phoenix sun ,1
chaotic basketballing ,1
vince carter olympic dunk ,1
how prove the people who make fun wrong ,1
nba fan podcast episode ,1
should start playing ,1
basketball sneaker ,1
review pjf performance handle program ,1
review jpf handle program ,1
jpf handle program ,1
what doe blake griffin bring the boston celtic ,1
holding someone without the ball foul ,1
best outdoor basketball list ,1
lebron james cancelled huge risk ,1
michael jordan tipped waitress chip wayne gretzky stopped the waitress grabbed one the many 100 chip jordan’ side the table and gave her then said “that’ how tip la vega michael ” ,1
’ 107 year old man with stage cancer can still make into nba ,1
what expect predicting okc’ season trade update ,1
chef curry whip pt 1st half washington‍ ,1
whenever want shop sneaker for self always select the basketball shoe they just give comfort and make attractive ,1
seeking improvement ,1
this basketball good ,1
what when getting pressured ,1
basketball best highlight ,1
ama ’ certified personal trainer for strength and conditioning also train basketball player skill development any question you guy have how improve your game athleticism ill answer the best ability ,1
question from volleyball player ,1
mix rus westbrook lemonade ,1
dope basketball video ,1
snipe adidas forum classic 2021 highlight basketball tourna ,1
why don usa men player care about representing their country ,1
ूी ाँ ी ाी ो ै ुंाी yeh diwali meethe wali diwali 2020 yediwalimetheewali ,1
rate pickup basketball game skill ,1
lebron james aim play more preseason game ,1
76ers star joel embiid now citizen ,1
really enjoying the look the 2019 nike lebron soldier ’ ,1
cute girl destroys guy basketball ,1
hmm ,1
’all think could make the basketball team ,1
the brooklyn net can’ serious… ,1
acc preview ,1
question would possible for hansel emanuel play basketball with bionic arm ,1
’ scared shitless from these player ,1
buy nba and college basketball ticket for cheap here ,1
buy nba game ticket for cheap here ,1
the brooklyn net can serious ,1
what’ everyone’ view the malika andrew controversy ,1
check out the top 100 play from last season ,1
you ever think back 1v1 you lost kid and you know you could have won and sort bug you this day ,1
who you guy think will all nba first team this year ,1
have question ,1
doe flexibility make huge difference ,1
what one piece advice that you could give year old boy that would help him improve his mid range jumper and point shot ,1
his dunk and vertical wouldn’ have been rating that pas would’ been terrible ,1
point guard ,1
the best play the 2022 nba playoff ,1
fiba woman world cup semifinal united state canada ,1
fiba woman world cup semifinal australia china ,1
discount hrx shoe ,1
will play better ,1
who the most problematic baller youtube ,1
mikey willams ha cake walk these guy mikey williams triple ,1
basketball show ,1
can practice basketball really early the morning but there are lot house near the court ,1
tiktok basketball trash talker where heated ,1
gtex ,1
frustration basketteurs… ,1
eurobasket 2022 wa world cup without usa argentina and australia ,1
which player would dominate the most wnba ,1
vertical explosion training program ,1
improvement vertical jump ,1
china and australia qualified for the semi final the women’ basketball world cup ,1
fiba woman world cup quarter final france china ,1
the best book about basketball which book are missing ,1
new episode holdthat reacts out now ,1
luka the second best the nba find out what the out bound crew think their new podcast episode where they rank the top nba point guard ,1
finally great new nba game mode ,1
karen durant viral video slo ,1
missed walk tryout for school what now ,1
this nba player lost million junk food ,1
what are the best aau basketball program your state ,1
jayson tatum new boston celtic head coach joe mazzulla ,1
good basketball shoe for wide foot ,1
’” and can’ dunk ,1
biggest nba fine for celebration short ,1
marvel studios’ secret invasion official trailer disney youtube ,1
2022 alfred dunhill championship european tour live streaming ,1
kobe bryant better than lebron james ,1
who work harder for their point nba game ,1
can someone suggest drill video watch because ’ noticed when shoot pause set point for long making shooting kind two motion need get more fluid thanks ,1
basketball workout ,1
shoulder pain after big game ,1
looking for basketball hoop for 3yr old ,1
which lebron james wa truly the best ,1
idk basketball for atm ,1
she’ nice ,1
whoman ,1
history sport ,1
pineapple belongs pizza bro ,1
how shoot the ball when being defended ,1
takeaway from bull medium day ,1
bronny james nba prospect could better than lebron bronnyj ,1
dumb question maybe ,1
trying grow tiktok making basketball video ,1
going the best basketball player ever ,1
training split ,1
it first game against different school ,1
equipment for getting better ,1
want get into the nba but live the ,1
worth making the drive for foot rim ,1
want improve vertical jump and having trouble finding the right training ,1
lebron and not top are they too old ,1
need help finding basketball shoe ,1
can revitalized nugget team dethrone the warrior ,1
division for adult league basketball ,1
transportable basketball hoop ,1
how get into nba game from another country ,1
top nba point guard list utm source linktree profile shareltsid e50fadf3 9f12 4424 8d9a aef2dbf755e9 ,1
nba top point guard list check out ,1
wonder why ,1
how tall you need perform well working skyhook game ,1
follow @rush mensbasketball insta ,1
free cpn bible hack ,1
jumpshot ,1
want start getting into overseas basketball…who the overseas equivalent allen iverson ,1
kosz ,1
though she getting worse arizona emilee gustafson keep getting better ,1
tribute basketball feel free comment your own ,1
got embarrassed girl basketball should quit playing basketball ,1
the steve nash runner basically just one legged jumper ,1
free mile bridge until ’ backwards ,1
doe anyone have vert program and can give ,1
how did kobe only win one mvp ,1
didn’ know how miss ,1
kevon looney the next splash brother highlight ,1
heat need make trade ,1
doe anybody know good streaming site for european basketball ,1
lebron james better than michael jordan one minute movie parody viralshorts fyp ,1
youtube ,1
best basketball shoe your opinion ,1
with your cashapp tag paypal apple pay zelle venmo get spoiled immediately right now with 4000❤️❤️❤️❤️❤️ ,1
the shorter side ,1
kevon looney next splash brother highlight ,1
portable basketball hoop ,1
wa anyone else good basketball then became washed ,1
buy basketball game ticket for cheap here ,1
how much nba referee get paid per year ,1
timelapse healing wound and more ,1
how motivate ,1
nba ha the most ignorant arrogant softest player medium and fanbases out all the major sport 2022 ,1
how much doe basketball ball weight confused ,1
want play basketball again ,1
highlight from roger federer last match about full farwell web story online ,1
year old beginner wondering what the hell ,1
anime basketball 100 basketball scene from 100 different anime series ,1
bevo francis finalist ,1
question ,1
amzn4 ,1
rule when posting ,1
f4m new virgin gamer horny for sext ,1
street ball doe the offensive player defensive player call foul ,1
ime udoka did what ,1
’ both the tallest player team and the worst player team ,1
’ both the tallest player team and the worst ,1
hey ’all ´ new middleschool team and ’ better than but they don’ want work and become better the game ,1
which nba player the most likely score 50pts first this season ,1
you log your game ,1
wtf ,1
why the female staffer from the boston celtic being protected ,1
lakers championship ring short ,1
jimmy butler top nba player ,1
profitx trade analysis detroit utah ,1
warrior @ wizard which team you pay more attention game ,1
who would win between the best middle school team the country the worst wnba team ,1
here come another one lol ,1
jalen hill former ucla basketball player dy age ,1
made free fantacy basketball league ,1
need explanation why jordan greatest player opposed lebron for someone who doesn’ watch basketball ,1
michael jordan precious metal gem pmg card ,1
perspective robert sarver said wanted forgiveness really wanted forget ,1
can’ decide weather support 76ers buck celtic ,1
need help with sizing ’ size kyrie ,1
kobe whole career second ,1
anyone know where can buy official nba ball ,1
new basketball how get started and what need know ,1
move know you’ undersized ,1
are nike elite sock worth y68w30 ,1
just became captain first ever campus rec basketball team anyone know where can find accessible bball resource for first time player coach ,1
nba highlight dunk but they get increasingly more disrespectful ,1
eurobasket 2022 recap ,1
doe anyone know good place start learning play basketball ,1
stephen curry insane pt three reb celtic 2022 final game holdthat reacts ,1
need loyal slave adore dominated ,1
nba classic game ,1
looking for basketball near you ,1
andrew tate pulled nba 2k23 best jump shot and build for ,1
how improve shooting form and skill ,1
never knew james harden had that beard since wa little ,1
depth story how nba player delonte west went from making million year becoming homeless never knew wa this bad ,1
fiba woman world cup basketball live stream ,1
check out this nba 2022 preseason game between the warrior and net watch here ,1
honest hot take ,1
filipino plnu basketball coach living her hoop dream ,1
love football but there’ nothing worse than game going put bad mood and wish would’ just skip ’ always such major disappointment ,0
match thread liga profesional argentina boca junior aldosivi ,0
hello fam want know about how convert myself into great football fan tia ,0
idk neymarrrrrrrrrrrrrrrrrrrrrr ,0
learn about ahly’ confrontation after the draw for the new season the egyptian league ,0
’ and want learn how play football how ,0
match thread liga profesional argentina patronato river plate ,0
want watch the world cup champion league match while school could you link some good site watch all the match ,0
college football where start ,0
chance monday night football upset ,0
the packer lost their football game against the giant today ,0
inbox for free accurate correct score 100 genuine tip just one small positive thought the morning can change your whole day ” ,0
what change could make able play desired position ,0
harry kane launch foundation aimed changing perception mental health the tottenham striker ha previously supported mental health charity through his shirt sponsorship leyton orient ,0
بعثة الاهلى تصل الى القاهرة بعد الفوز على اتحاد المنيستيرى ,0
big news bayern munich jamal musiala test positive for covid ,0
casemiro the premier league ,0
jevien smith flag football highlight ,0
’ been fun time cleveland rock’ and rolling through the weekend brown game winning some the casino ,0
football daily discussion thread ,0
scotland beat ukraine the nation league thanks pair goal from lyndon dyke ,0
seeing the swan championship game exciting but what make root for them that they act their core belief ,0
ronaldo should have not left real madrid ,0
first thing improve for amatheur footballer ,0
heart oak arrive ghana after caf confederation cup defeat real bamako ,0
the detroit lion and the “best offense” the nfl get shutout against the patriot ,0
pick one drop one and bench one ,0
atletico madrid permanently buy antoine griezmann from barcelona till 2026 ,0
haaland the best player the world right now ,0
believe this the most logical way proceed doe anybody disagree fifa make happen ,0
saudi arabia wealth fund commits 3bn football sponsorship ,0
salah mohsen loan ceramica and the arab badr the army ,0
ha footballer ever deliberately missed even let the opposing team score because they support the opposing team ,0
copenhagen man city ,0
maccabi haifa juventus ,0
dinamo zagreb salzburg ,0
celtic leipzig ,0
milan chelsea ,0
dortmund sevilla ,0
shakhtar real madrid ,0
psg benfica ,0
european champ italy draw england euro 2024 qualifying ,0
تعرف على سبب عدم وجود مباراة بين مانشستر سيتي وأرسنال الجولة كورة بلس ,0
napoli ajax ,0
atlético madrid club brugge ,0
tottenham eintracht ,0
ranger liverpool ,0
barcelona inter milan ,0
leverkusen porto ,0
sporting marseille ,0
viktoria plzen bayern munich ,0
thomas partey wa impressive against liverpool – pier morgan ,0
luis diaz out for week due knee injury ,0
franco baresi paolo maldini alessandro nesta ,0
physical exercise and rehabilitation tao and ammar ahly exercise ,0
pov nottingham forest fan rank player ,0
fifa gameplay ps5 full game ,0
kepa arrizabalaga back his best chelsea short term solution ,0
world cup xmas ornament 2022 ,0
are arsenal title contender ,0
ahly completely red front ittihad monastir ,0
ha there been case contract being terminated while the player wa loan ,0
think it too good and messi ronaldo ,0
roger water playing football marseille 1972 photo jean claude deutsch ,0
learn about the expected formation ahly against ittihad monastir ,0
tried draw the chelsea crest from memory ,0
footballer and their mental health ,0
epl top four what are your prediction ,0
would this red card offence ,0
can you get good football kicking ball around your own and practicing skill and that ,0
not sure what position play ,0
new football game touchdown life ,0
how many point the top team have dropped this season ,0
indianapolis colt denver bronco ,0
can player pay their own transfer fee they desperate the club ,0
can player pay their own transfer fee they desperate their desired club ,0
subscribe channel make football edits can tell the name ,0
football boot broke can use lacrosse boot should just wear shoe ,0
premier league team have scored le league goal than erling haaland thus far cheat code ,0
kevin bruyne now man city assist king ,0
would you say ’ harder for man pro than woman ,0
euro 2024 qualifying draw england grouped with italy ,0
inbox for accurate correct score 100 genuine tip never too late what you might been trust yourself that you can and get ,0
please visit blog visiting blog you will know how lose weight without dieting ,0
iker casillas come out gay real madrid and spain legend asks for respect ,0
iker casillas come out gay ,0
puyol and casillas come out gay ,0
bro another legend casillas and puyol just came out gay ,0
harry kane emotional break down tear ,0
don know what say this point ,0
puyol and casillas for reall ,0
haaland the best year old player ever ,0
desperate need for advice ,0
football team lost guided meditation video ,0
looking for black boot cleat ,0
what the best link watch football ,0
anyone know where can find the denmark home kit for son live ireland and can only find hummel and cost lot just wondering doe anyone know where find for cheap price ,0
match thread premier league everton manchester united ,0
arsenal serious contender liverpool have lost big time ,0
how get better dribbling ,0
ahly open it african campaign with goal deadly time against ittihad monastir ,0
the liverpool manager right now ,0
tell some joke that only football fan would understand ,0
match thread serie rom lecce ,0
how watch the buffalo bill steelers game ,0
match thread liga barcelona celta vigo ,0
700th goal cristiano ronaldo ,0
cr700 the king unreal ,0
aubameyang open arsenal manager arteta ,0
very curious about their story what are you thinking ,0
what would your “rest the world” man squad the world cup look like ,0
erik ten hag asks his manchester united side ‘play nasty’ and smarter ,0
coach masturbated front leicester player and groped her for bad pass ,0
our perception 2022 world cup amidst slavery ,0
know more about fifa world cup 2023 ,0
premier league club ban player from listening offensive music unprecedented step ,0
youtuber making player highlight ,0
saint allen expects dalton start seattle ,0
premier league trend week crazy double hattrick ,0
accurate ,0
match day gone wrong horrible finger injurie ,0
euro 2024 qualifying draw take place sunday all you need know the 2024 european championship draw take place frankfurt sunday who could the home nation face ,0
fifa won sanction indonesia over fatal crush widodo say ,0
made for the ronaldo fan you guy like ,0
who the tier journalist for liverpool ,0
neymar ghana highlight 2022 ,0
subscription whit best price ,0
match thread serie sassuolo inter ,0
would you wear wrist band that vibrates whenever your team scored goal live even your not watching the game remind you their goal ,0
match thread premier league chelsea wolf ,0
match thread premier league manchester city southampton ,0
match thread liga atletico madrid girona ,0
ordering football shirt from brazil ,0
how get into football like want learn the player ,0
daka goal nottingham forest ,0
daka goal arabic commentary عربى ليستر ,0
pornhub valid sponsor for football club ,0
match thread serie milan juventus ,0
men’ euro qualifying group set capped five nation league expands ,0
hvor mange scorer erling braut targaryan dag ,0
match thread bundesliga borussia dortmund bayern munich ,0
this time the 12th place bundesliga point behind the first one ,0
ahly take part the last exercise before facing ittihad monastir ,0
together could end homelessness america peacefully queen gena medici etherton ,0
broja’ first chelsea goal chelsea wolf match report ,0
neymar ghana full highlight ,0
streameast alternative best site like stream east proxy mirror itech book ,0
best hesgoal alternative site like hesgoal com live stream 2022 itech book ,0
καλύτερα tip για στοίχημα ,0
match thread ligue reims paris saint germain ,0
match thread liga getafe real madrid ,0
what the best football soccer streaming service canada ,0
the fifa 2022 for what reason tournament november ,0
more impressive one game goal goal and assist ,0
roberto carlos facebook story ,0
ronaldo dead ha dy car crash not good ,0
ronaldo scored banging goal last game‼️ thoughts⁉️ ,0
this day october 6th 2001 ha been year since beckham sent england the 2002 world cup ,0
doe anyone know where can find official merchandise for the upcoming world cup ,0
match thread liga profesional argentina gimnasia boca junior ,0
victoire importante sélection haïtienne de amputés face tanzanie galactique news ,0
worthless team matt ryan the worst quarterback think ’ ever seen ,0
what are the noticable difference between premier league player and league one player what age they start separate ,0
wait what russian footballer score outrageous backflip penalty taking the internet storm ,0
tottenham fitness coach gian piero ventrone ha died from leukaemia aged ,0
top most free kick goal active footballer history ,0
top most free kick goal top most free kick goal active footballer history ,0
world cup preview group and group prediction playing from the back ,0
ozil kdb who’ better all time ,0
incredible catch from pulga ,0
football limited series fifa work paramount ,0
mid season world cup will produce better football beckham ,0
ukraine ‘ join’ spain and portugal’ 2030 world cup bid world cup news ,0
one person dy after police use tear gas gimnasia boca junior game least one person dy after police fired tear gas fan outside gimnasia stadium their match against boca junior argentina ,0
mbáppe halland tell what you prefer ,0
performance ucl career ,0
predicciones pronóstico cuotas previa apuestas la vega raider kansa city chief nfl semana 2022 ,0
belgium croatia fifa world cup match ticket sale inr40k ,0
anthony martial and rashford score manchester united omonia all goal ,0
nouveau record pour messi goat marqué compte équipes ulc ,0
franck ribery set retire from professional football aged ,0
cristano ronaldo lionel messi ,0
this wabbit better than some the people know ,0
know the channel that broadcast the ahly match the champion league ,0
found this football helmet ebay and thought some you might interested ,0
everyone with their clone messi ,0
xabi alonso the chad meme face ,0
world cup 1990 night the opera ,0
will haaland ever beat messi record goal calendar year ,0
leeds united target ukraine star mykhaylo mudryk ,0
manchester united erik ten hag cristiano ronaldo pissed off when benched ,0
can other club follow napoli brilliant example how reload ,0
panini’ 2022 album feature these collectionable sticker which are incredibly rare here’ first one ,0
match thread liga profesional argentina river plate estudiantes ,0
that wa magic chelsea milan match report ,0
what good way start getting into football ,0
support plz subscribe like and share ,0
true false man city are the only premier league team sign good bundesliga player ,0
breaking news sevilla manger julen loptegui got sacked ,0
kansa city chief la vega raider discussion thread ,0
last minute ballers united full game ,0
⚽️the career journey captain fantastic sunil chhetri indian footballer indian sport www kreedon com ,0
lm10 heavyweight shirt classic ,0
thaughts any you from qatar ,0
the next generation ronaldo messi argument haaland mbappe ,0
can erling haaland break lionel messi goal season record ,0
man mid 20 hope can witness africa nation win the world cup within lifetime ,0
erling haalands epic premier league start man city greatest sportsw ,0
when did the goat actually become the goat ,0
ghanaian giant asante kotoko will face the senior national team belize the jaguar ahead the 2022 world cup break november ,0
it one the not the best soccer footbal commercial ever ,0
pep guardiola isn good people say ,0
watch the taawon and wahda match broadcast live 2022 saudi league ,0
lionel messi confirms will not play the 2026 fifa world cup ,0
can’ play football with boot ,0
men black ribbed hem leather baseball custom bomber jacket ,0
match thread uefa europa league omonia nicosia manchester united ,0
new year old romanian talent borsa paul got transfered sporting cluj after scoring last summer goal match and already playing with the u17 ,0
which the world cup with the worse kit you remember more shite design than good one ,0
link for live football match ,0
top buffstreams alternative watch college football nfl ufc nba online itech book ,0
the truth about academy football favodavo ,0
match thread uefa europa league arsenal bodo glimt ,0
who wa more impressive zidane coach zidane the player ,0
what better according you getting eliminated group stage fight for trophy europa league get knocked out ,0
footballer football podcast must watch ,0
will haaland ever break messi record goal calendar year ,0
lionel messi say 2022 world cup will surely his last ,0
milan face another transfer battle with leeds land red bull salzburg sensation ,0
guy just wanted share premierleaguenoobs for anyone wanting learn about the ,0
ajax napoli champion league ajax social medium dedicated cruijff and maradona watching the match heaven ,0
together could end homelessness america ,0
peacefully queen gena medici etherton documented birthdate september 1962 ,0
bought this shirt daily reminder ,0
mid season highlight levi garrett football highlight ’2026 ’” 150lbs touchdown midseason running back ,0
ram get roasted trashtalk tommy™️ ,0
which player retired their prime ,0
inter milan barcelona highlight ,0
simeone football manager the best ,0
italy issue extradition request for brazilian footballer robinho serve year prison sentence for gang rape ,0
can player varsity player beat academy player ,0
fifa world cup 2022 qatar winter world cup ,0
summary the champion league match ,0
siemone loses brugge while simeone beat ajax ,0
kansa city chief la vega raider prediction pick odds can derek carr raider get win mnf ,0
livescore from all around the world ,0
lionel messi set for return barcelona get spanish football news ,0
espn cristiano ronaldo expected seek transfer again from manchester united ,0
best goal this season incredible skill ,0
erling haaland goalscoring prediction manages maintain his current rate absolutely unreal ,0
inter milan beat barcelona ,0
football live upcoming join telegram ,0
football livestream join telegram ,0
the fastest goal football history wa scored just second after kick off ,0
football australia have issued lifetime ban spectator for making fascist salute similar gesture during the australia cup final ,0
found new football podcast today ,0
experienced winger what advice would you give young winger improve their play ,0
the detroit lion are with the number scoring offense can’ wrap brain around ,0
which football ground would you like one day just witness the atmosphere and fan ,0
mourinho and ferguson phrase added oxford english dictionary ,0
match question from american ,0
profile sudden cardiac arrest football field ,0
waiting for chelsea milan h2h giroud aubameyang ,0
young ronaldo 2008 the best player ,0
’ american who doesn’ follow soccer much what ha changed since the last world cup term messi ronaldo neymar ,0
xabi alonso appointed bayer leverkusen bos take first senior management role ,0
match thread uefa champion league benfica paris saint germain ,0
match thread uefa champion league chelsea milan ,0
match thread uefa champion league manchester city copenhagen ,0
match thread uefa champion league juventus maccabi haifa ,0
match thread uefa champion league real madrid shakhtar donetsk ,0
when you think many good team missing out the champion league ,0
watch all sport match here ⚽️️ ,0
champion league matchday game game preview ,0
own your game sorare nft fantasy football ,0
this just bone bruise ,0
interview with international ml soccer star sofiane djeffal and brendan hines ike ,0
mini movie about the career west ham legendary captain billy bond 799 game goal cup trophy with the hammer true legend english football ,0
looking for wide foot turf shoe ,0
daka goal from stand leicester city forest ,0
toxic fan are hella annoying ,0
this erling haaland stat just insane ,0
wyr have messis ronaldos your team ,0
the nfl world praying for terry bradshaw ,0
maria caputi becomes the first ever female official serie after officiating sassuolo clash with salernitana ,0
why there much hate towards the woman game ,0
question about throw goal ,0
original shirt and they cost only € ,0
haaland and antony beautiful goal ,0
the number los angeles ram dallas cowboy ,0
given leicester current form will they survive ,0
denver bronco indianapolis colt betting pick and prediction ,0
minnesota viking remain atop nfc north after week win ,0
what european club should support ,0
تعرف على وجهة الاهلى خلا معسكره القادم ,0
can someone tell the game and what happened ,0
simple question who better ,0
original football shirt for only euro ,0
buffalo bill pittsburgh steelers discussion thread ,0
the confederation african football caf ha opened bid for the hosting right afcon 2025 after they were taken away from original host guinea ,0
club brugge atlético madrid ,0
ajax napoli ,0
eintracht tottenham ,0
porto leverkusen ,0
the horror gate what actually happened during the kanjuruhan tragedy ,0
leipzig celtic ,0
chelsea milan ,0
man city copenhagen ,0
juventus maccabi haifa ,0
real madrid shakhtar ,0
benfica psg ,0
sevilla dortmund ,0
match thread uefa champion league bayern munich plzen ,0
match thread uefa champion league marseille sporting ,0
thought about football boot while playing rain ,0
messii back barcaaa ,0
mane offside problem getting worrying ,0
lionel messi ‘ verge agreeing incredible barcelona transfer return with psg ace join next july’ ,0
the most clear and obvious offside all time ,0
ajax napoli champion league ajax social medium dedicated cruijff and maradona watching the match heaven ,0
fan clash with police ahead liverpool ranger arrest made ,0
match thread uefa champion league club brugge atletico madrid ,0
match thread uefa champion league inter barcelona ,0
match thread uefa champion league liverpool ranger ,0
match thread liga profesional argentina boca junior velez sarsfield ,0
everyone been telling pick premier league team here pick ,0
the world cup that lasted the longest ,0
الاتحاد الافريقى يعين سيكازوى حكماً لمباراة الاهلى واتحاد منيستيرى ,0
jet steelers score recap takeaway read more here ,0
match thread liga profesional argentina argentinos jr river plate ,0
الاهلى يطالب بالسعة الكاملة لمباراة أتحاد منيستيرى ,0
why doe hurt foot much when try shoot with the lace ,0
how deadly crush indonesia soccer match unfolded ,0
found some cone the road have something dribble around now ,0
think haaland move liga couple season might break messi’ goal record ,0
ronaldo messi who the goat ,0
how many tablet got destroyed tonight tampa bay not sure this the message send young people about sportsmanship starting fight and throwing tantrum when you don win ,0
this lie you not man city fan ,0
least 174 killed indonesia soccer stadium crush ,0
how many you will really boycott this world cup ,0
man united 2028 hahahahaha ,0
how good wa inter milan 2005 ,0
which underdog team ha the best chance winning the champion league season ,0
how treat burn from turf artificial grass ,0
qatar world cup excitement and it impact fan token ,0
ram 49ers odds discussion thread ,0
middlesbrough fire chris wilder ,0
’ actually scary deep how good and the fact that ’ only crazy ,0
الخطيب يرفض المساس بشعار الاهلى ويبحث الرعاية ,0
edited clip and friend playing football just wanted share with people ,0
why are many football fan goldfish ,0
biggest nonsensical football conspiracy theory ,0
help want watch football ⚽ ,0
the only top club experienced coach who ha not been sacked far ,0
who the better team 2011 barcelona current manchester city ,0
how doe christopher nkunku fit into chelsea ,0
the ethic today’ college sport recruitment industry ,0
who the most complete footballer have played the game ,0
fifa world cup 2022 qatar live ,0
green galatasaray turkish football giant save almost €400 000 from it solar roof ,0
haaland good but not excitingly good ,0
which footballer have performed better world cup than they have any other stage ,0
what are the worst football opinion you seen ,0
upvote you’ also scared him ,0
guinea ha been stripped the right host the 2025 africa cup nation final and the bidding for the tournament set reopened saturday the confederation african football announced early saturday ,0
happy retirement legend one the most underrated goal scorer the world ,0
premier league talking point from the weekend’ action ,0
rodgers get fired leicester lose tonight ,0
boycott qatar 2022 ’ disgusting ,0
qatar 2022 don’ watch such bullshit ,0
wolf sacking bruno lage good choice ,0
unofficial api client search player using the player reference image and get the player stats data from the premier league ,0
who this footballer for the longest time could not remember ,0
2022 world cup are africa’ team ready the final international break ahead the 2022 world cup qatar wa instructive large extent with african fan getting glimpse what expect from their national team the final ,0
fifa rest world league rating kit ,0
who the best these for it the middle one ,0
most succed dribles top league ,0
highlight they stream immediately ,0
soccer highlight all one place ,0
are there any good quality football boot replica out there ,0
why barcelona bad even though they have good player ,0
football live stream online soccer online soccer stream ,0
buying brand new but old model football boot from official website question about build quality deterioration over time ,0
join and talk about every match daily ,0
research about sport football ,0
big standing matchup kansa sitting top ,0
least 127 dead after riot indonesia football match ,0
some beautiful skill have seen football ,0
after rather uneventful international break the champion league back show the creator some love ,0
messi ronaldo every age ,0
all ronaldo match since his debut manchester united ,0
lionel messi height age wife child family biography more ,0
found this lovely rip abdoulaye soulama ,0
greatest goal all time youtube ,0
least 174 dead during fan stampede after indonesian soccer match ,0
the greatest all time love you leo keep being the best the best ,0
this season like nutshell ,0
qatar world cup excitement and impact fan token ,0
georgia football georgia missouri ,0
match thread premier league manchester city manchester united ,0
qatar world cup accommodation worry for football fan ,0
cristiano ronaldo height birth girlfriend child and marriage education biography more ,0
watching haaland song white score ,0
how long before the season start doe pre season start ,0
watching haaland song untill score ,0
musiala going get the ballon ’ for sure ,0
the passion true then the destination not far ,0
think they should sign speed manchesterderby ,0
haaland manunited before and after the game ,0
pep guardiola zero problem for man city when leave ,0
chicharito confirms galaxy contract extension clause for 2023 ,0
manchester city manchester united end – watch goal and highlight ,0
can someone tell why goalie the guess jump against neymar ,0
erling haaland ha the same amount premier league hat trick cristiano ronaldo played just eight match improbable ,0
getting worried that the premier league going become like the french league where only one team man city are going win anything for the foreseeable future hope this isn the case would dull ,0
anybody know this store legit and how tell store like this are legit general ,0
antonio brown disturbing footage get leak oculus network ,0
pro football how many hour would you the pitch for training ,0
bayern munich viktoria plzen ,0
marseille sporting ,0
club brugge atletico madrid ,0
eintracht frankfurt tottenham hotspur ,0
porto bayer leverkusen ,0
inter milan barcelona ,0
liverpool ranger ,0
red bull salzburg dinamo zagreb ,0
benfica paris saint germain ,0
manchester city copenhagen ,0
real madrid shakhtar donetsk ,0
sevilla borussia dortmund ,0
more than 170 football fan lose their life indonesia ,0
match thread serie juventus bologna ,0
know said football meme but you know ,0
match thread liga real madrid osasuna ,0
free have own style ❤⚽️ ,0
maradona the most overrated player ever ,0
rihanna announced super bowl halftime show act ,0
sergio ramos when wa kid ,0
lost catching ability football what should ,0
the new for simpson going amazing ,0
world cup betting bracket pool ,0
carlo carlo the actual carlo ancelotti but without his eybrows magic ,0
remember the date october 16th short ,0
outside the foot aka trivela ,0
feud between neymar and kylian mbappe former real madrid defender sergio ramos intervened establish control ,0
choose your career let know what you choose the comnents foot ,0
fifa world cup qatar 2022 coming closer and closer which team you think will win this global game ,0
the striker sat premier league preview ,0
portugal and argentina win their respective group could potentially see ronaldo and messi play each other the fifa world cup final ballistic ,0
neymar always style follow penalti instagram ,0
barcelona not interested resigning lionel messi for now ,0
koke will today become the player with most appearance atletico history ,0
which one should choose copa sense phantom venom pro ,0
leaked photo reveals ballon 2022 winner ,0
football rant head over the tiktok post and stitch your rant what get your blood boiling ,0
match thread premier league arsenal tottenham ,0
big chance nkunku will sign for chelsea think actually going happen ,0
this gonna happen and messi gonna win the cup ,0
this good show play soccer with ,0
this good soccer shoe play with ,0
strangest sending off you’ seen game ,0
match thread premier league crystal palace chelsea ,0
match thread premier league liverpool brighton ,0
spanish women’ national team complete vilda press conference spanish ,0
what the biggest upset the day iowa over michigan arkansas over bama state over clemson ,0
how many you recognize out these player ,0
match thread serie inter rom ,0
what are the best football movie and documentary ,0
match thread liga sevilla atletico madrid ,0
arsenal tottenham live score goal and etc ,0
top pick premier league selected our algorithm ,0
what the best these four play poll ,0
liverpool brighton match highlight goal and best moment ,0
conor gallagher save the day chelsea crystal palace match report ,0
match thread serie empoli milan ,0
when got football training week match healthy start going the gym ,0
match thread ligue paris saint germain nice ,0
match thread liga mallorca barcelona ,0
ha jurgen klopp lost the plot ,0
kid beasting ,0
iptv for those who are interested offer iptv service for all device phone computer just tell the type your device and will provide you with the application that you will use and the login information that will provide you with you can try for hour ,0
wasn’ able see pele play but ’ seen ronaldo and ’ never seen player like him ’ unique there’ only one ronaldo the number one everything ,0
bangals miami dolphin the story bengal and dolphin football match ,0
maguire masterclass performance germany ,0
world cup 1986 touched the hand god ,0
what your favourite two goal more quickfire moment football ,0
cristiano ronaldo new poster ,0
anyone know any match which supporter the away team outnumbered support the home team ,0
vote for friend goal the week ,0
qatar world cup fan token impact ,0
design idea football you’ like see ,0
bundesliga club installs hive club colour near stadium ,0
lionel messi image photo free ,0
lionel messi wallpaper image photo free ,0
neymar under fire for his support jair bolsonaro ,0
going say something bold ,0
who actually better messi ronaldo ,0
how can make world cup qualifying le european centric ,0
what are some your most unpopular football opinion ,0
match thread copa argentina patronato river plate ,0
mona lisa between lake washington and puget sound seattle washing ton state america ,0
sound gold nug tar are medici etherton code codex leonardo vinci ,0
medici etherton code codex leonardo vinci named ici ,0
1962 seattle world fair document queen gena medici etherton birthdate september 1962 ,0
peacefully queen gena medici etherton birthdate september 1962 ,0
the for medici medici leonardo vinci medici codex leonardo vinci ,0
la gas iraq oil are medici etherton code codex leonardo vinci ,0
watch live football for free sport just for the love have for sport and sport lover check the comment ,0
match thread copa argentina boca junior quilmes ,0
erling haaland strength moment haaland football mancity manutd ,0
deandre ended hall’ career after his trash talk short nfl ,0
female cop cleared her involvement the assault and murder aston villa player dalian atkinson ,0
fifa nextgen gameplay ps5 ultra ,0
fifa best player award list from 1930 2018 ,0
iran national football team stunning anthem protest after mahsa aminiâ death ,0
fifa world cup most entertaining team award winner list ,0
everyone agrees that the greatest footballer ever are pele maradona ronaldo and messi random order but who the 5th one ,0
fifa world cup best young player award winner list ,0
fifa world cup golden boot award winner from 1930 2018 ,0
اهداف على الطاير اجمل اهداف دبل كيك ,0
how buy online fifa world cup ticket 2022 ,0
sandroferadze123112311231123112 ,0
qatar will spend 220 billion the fifa football world cup more than individual gdp 100 country ,0
guy like introduce you scouting page ask you visit and you like leave your feedback will help thank you very much ,0
can you guess the name the player arsenal kit ,0
cristiano ronaldo messi competing athlete vote who had better career ,0
perrie edward and fiancé alex oxlade chamberlain raided burglar ,0
premier league prediction chris sutton take sport team drummer and man utd fan greenwood for this weekend game ,0
trent alexander arnold…perhaps unpopular say ,0
rubix cube like universe big puzzle don you agree ,0
isl team support check tell about your favorite team ,0
draft king anyone hasn’ signed yet here’ url can both get 100 free bet lmk ,0
qatar ultimate football player experience ,0
weston mckennie explains special relationship with usmnt teammate tyler adam ,0
denmark wear toned down jersey protest host qatar ,0
doe anyone know what the record for most clean sheet single eredivisie season ,0
when people say football better than basketball ,0
why isn sheraldo becker playing for surinam national team ,0
eight country have won the world cup who you think most likely the ninth country ,0
brazil talent depth going into the world cup outrageous ,0
will size football soccer ball fit into 60x60x60cm small box ,0
what you think went wrong ,0
what some gadget tech you wish would added football var ,0
funniest moment women’ football comedyfootball comedy funniestmoments funnyfootball sport ,0
portugal spain score uefa national league read more here ,0
match thread friendly argentina jamaica ,0
fifa world cup 2022 ticket and their price for all category and how buy here direct link for ticket booking ,0
what are the chance argentina go against portugal the world cup final ,0
lookin like obj and the champ are getting back together ,0
are there any player who have had similar instruction what frenkie jong had under eth ,0
since ’ brother birthday soon ’ look for place buy signed vintage football top ,0
why offensive guy always get around when should tackle ,0
can you use batting glove for football ,0
one word describe this duel messi ronaldo ,0
2022 totalenergies caf super cup stadium ,0
argentina jamaica score argentina – jamaica read more here ,0
check out cristiano ronaldo edit ,0
who are the top wonderkids 2022 ,0
what can expect from iran the world cup qatar ,0
test knowledge shirt player wear club ,0
player who fall under the same player archetype frenkie jong mousa dembele veratti kovacic and rlc ,0
mikel obi drop last word bow out professional football ,0
ronaldo messi stats 2009 2018 most goal assist ,0
neymar out the competition ,0
4kings podcast wow what week wa ,0
why people who aren from the usa get mad when american call soccer soccer ,0
newcastle eye january bid for mikhailo mudryk ,0
trimwatch survey rating haircut ,0
these out context football ,0
football young gen and their idol let know whom did miss out ,0
messi caught surprise fan ,0
ishowspeed messi sidemen charity match ,0
2022 fifa world cup qatar far the most expensive all time ,0
why isn ligue better france one the best national team ,0
they should stop showing foul just slowmotion ,0
let not forget antony debut ,0
one favourite national team player thank you for everything adam ,0
curious about very popular football chant ,0
harry maguire blunder are warning england – right now not ,0
would anyone here able help identify who signed this jersey won auction for club year ago ,0
question high school football ,0
how many player are the goat debate ,0
there chance cte play from grade senior year high school ,0
1998 magnet emmitt smith have lot vintage stuff ,0
1998 brett favre wasn’ scamming people lol remember him being one the greatest quarterback ,0
karim benzema basically guaranteed win the ballon this year ,0
important weight loose for every one ,0
jvc store had this hanging flag it window for the france world cup and mum ended asking could have first world cup aged and first piece merch ever still have this day but can find any image it existing online thought add the ether ,0
are the adidas ace any good ,0
football new gen and their idol ,0
seven time nascar champion jimmie johnson retiring from full time racing ,0
match report uefa nation league – england germany september 2022 ,0
when wa this match played japan spain not recall this game and can find any info the internet ,0
christian pulisic eyeing juventus move ,0
discount code for real madrid ticket ,0
luka modric scored his first croatia goal 2006 still scoring for then now timeless ,0
giroud definitely underrated haven’ seen many that good one touch football and attacking intelligence ,0
what football goal post can buy under 100 ,0
most expensive world cup history transfermarkt ,0
are there any youtube channel focusing analyzing tactic within match ,0
who better kulusevski saka ,0
match thread friendly brazil tunisia ,0
match thread uefa nation league portugal spain ,0
match thread uefa nation league ukraine scotland ,0
please not get insulted and join you propably also invest ☺️ ,0
professional technique kicking soccer ball far ,0
2002 2003 milan squad legend all around ,0
darwin nunez funny training ,0
“ you are prepared for the worst you are prepared” jose mourinho ,0
high school football player dy after injury ,0
rooney sign for oldham athletic ,0
how much would chelsea christian pulisic cost juventus ,0
wear hand bandage aside every week don’ have net ,0
this football how need haha ,0
anyone good with remembering old jersey ,0
what team will you confidently pick the bundalisga league that wont disappoint when staking them ,0
idea for next season barcelona shirt ,0
the new kit are get your addias ,0
will mbappe banned from the world cup ,0
need help for message cake ,0
unsportsmanlike conduct remember this colt ,0
where you find replay football game ,0
painted lionel messi took loooooooooooooooooooooooooooooooooooooooooooong ,0
wa fond party and woman former madrid coach fabio capello reveals proud sold ronaldo his departure created competitive atmosphere ,0
antony highlight arsenal the premier league ,0
jude bellingham assist skill short bellingham dortmund ,0
world cup qatar 2022 prediction ,0
group photo the current top scorer the and nation league ,0
looking for internship football club ,0
you know who ha more fan football 2022 result may surprise you ,0
doe anyone remember the company that offered stadium game pre covid ,0
world cup predict public opinion ,0
who will win world cup golden boot 2022 ,0
top valuable football player the world ,0
help soccer football journey ,0
uefa nation league matchday match report denmark france september 2022 ,0
looking for ticket friendly match ,0
lisandro martinez dismisses criticism concern over height ,0
name player who will win the ballon ’ the next year but you can’ say erling haaland kylian mbappe ,0
document reveal tory minister’ push smooth saudi newcastle takeover ,0
history sport first sport the world ,0
who you think better pedri musiala ,0
nfl just shown exactly that all star game bad idea ,0
spfc captain tsubasa goal style ,0
what some advice that you would give young winger from experience ,0
anyone have good hiit li workout preferably using treadmill improve stamen during game ,0
ligt stick the knife into juventus with step bayern claim ,0
unpopular opinion centre back the easiest position and ’ tired pretending that ’ not ,0
how crypto bridge sport and fan ,0
who should jude bellingham sign for ,0
clemson football perception during it two extra time succeed wake wood ,0
think this argentina squad capable winning the world cup they serious contender what you guy think ,0
leaked complete redesign the english football league ,0
southgate out holdbridge for england sake ,0
which football player are known for partying drinking drug etc ,0
sir alex whooo ,0
match thread uefa nation league england germany ,0
match thread uefa nation league hungary italy ,0
the best goalkeeper right now ,0
what the manhester united fan ,0
england squad need big change ,0
wenn deutschland gegen ungarn verliert ,0
brenden aaronson want become leeds club legend ,0
’ time for ronaldo retire ,0
thomas müller germany space interpreter look tired 2022 ,0
messi fan but this wa genuinely sad see wa one the greatest striker one point but now become punching bag due old age ,0
match thread liga profesional argentina river plate talleres cordoba ,0
how become player again after puberty ,0
help remember this football goal deco ,0
most valuable player not going the world cup ,0
your club winning the league champion league your country winning the world cup ,0
who are this player signature borrowed this psg shirt from friend and the middle the game realize wa signed the back need know how bad fucked ,0
ramsdale stats his career ,0
guy know mercurials arent good for wide foot flat foot but theese model look like they are are they ,0
× kaka celtic 1st leg champion league ro16 2006 ,0
iñaki williams ha made his official ghana debut ,0
fatneek underestimated indian submarine vik ,0
improbable for some impossible for many just another day the work for erling haaland take bow ,0
terrible take this team would fight for 6th place ,0
rare 2002 nike scorpion mirror ball ,0
gold bridge mile clear southgate ,0
matthias pogba reveals more secret about paul pogba ,0
fantasy football game sorare ,0
batistuta effenberg fiorentina ,0
world cup predictor app qatar 2022 ,0
which country will win the world cup qatar 2022 ,0
interesting research nick harris about world cup 2022 qatar ,0
rdc mais quand ’arrêtera descente aux enfers de léopards défaites ,0
all the player and the fan are getting tired waiting more minute after almost every goal see the goal count not but what every team get moment football game where they can call the ref look the var screen ,0
ronaldo face after recovering from his recent injury ,0
good this pic year old ,0
wisconsin ohio state read more ,0
the biggest rival ghana football ,0
sponsored non league footballer ,0
adebayo akinfenwa succeeding against all odds ,0
2003 2004 arsenal invincibles squad ,0
ranking woman domestic league ,0
for you wich europe national team you consider powerhouse ,0
what you think leo messi best quality ,0
are these real boot somebody could help ,0
hello folk doe anyone know what team this sticker ,0
match thread uefa nation league netherlands belgium ,0
tobi manny and simon the most dangerous attacking youtube football ⚽️ ,0
where are the lie only ha goal every month coz your comparing international football club football ,0
how supposed tell kid this the best defensive mid ever ,0
yeah get rekt you guy cheated and hungary still won source uefa league german hungarian match ,0
england relegated from nation league after giacomo raspadori beauty for italy ,0
czech republic portugal head head potential starting lineup uef ,0
winning first ever match fut champ fifa ,0
harry maguire phong hiện tại chỉ nhất thời thôi bóng ,0
petition sack southgate sign now ,0
who would the most suitable coach manage this angry ,0
the italian team fan would you rather ,0
where can purchase order combined national team jersey time for the world cup ,0
anyone looking for free trial and best premium subscription with 16000 live channel and 80000 vods series movie just send text personal contact whatsapp 447466686984 ,0
who the better player son mane ,0
made believe that winning motm the last game normal ,0
test your knowledge about captain club this season ,0
just look the squad depth brazil sensational ,0
france football announced this week that there the socrates award will given player with the best social initiative this year who could the first win ,0
premier league season 2022 2023 ,0
why call this guy and not even have him the squad ,0
cristiano ronaldo charged the ,0
arsenal want revive lucrative super league proposal ,0
what international manager when there isn international tournament matched ,0
brazil world cup 2022 squad list fixture and latest odds 21sports news ,0
just wondering how football interview and commentator know they’ live ,0
england it coming home right ,0
remembering this lazio team ,0
match thread uefa nation league czech republic portugal ,0
match thread uefa nation league spain switzerland ,0
this matchbenzema lewa and vinci dembele ,0
thinking about some change the penalty kick ,0
tottenham arsenal october 2022 ,0
let goooooooo speedd ,0
4aztze2x9d 5fj79kypcqs ,0
why are var decision not made via majority vote ,0
why doe wale belgium happen much ,0
the word that all football fan dread international break ,0
what apps you guy use watch android ,0
pele overrated feel like the greatest player ,0
how would israel perform the afc ,0
’ just gonna leave this right here ,0
getting drink food game becoming impossible ,0
all think this foul not ,0
ivan toney really only ’” ,0
the best champion league game all time ranked you agree ,0
match thread friendly japan usa ,0
who got winning qatar world cup ,0
unpopular opinion neymar closer ronaldo than ronaldo closer messi ,0
claim lgbtq fan won’ arrested for kissing qatar world cup ,0
when the world cup kick off qatar nov fan can expect flurry stats and match footage social medium and fifa hoping that includes data and content from new player app ,0
why messi far more better than that ronaldo ,0
spanish standing woman head coach player threaten quit ,0
stade louis monaco 1950 ,0
need help with this week pick know actually nothing about football ,0
help for player the week highschool ,0
nation league joke pain the as said hungarian like overrate the nothing but still look funny… ,0
fifa 2022 update qatar suspend entry visitor during fifa world cup ,0
never seen anything more accurate than this ,0
wolf man city result highlight analysis grealish and haaland strike send champion top read more here ,0
match thread uefa nation league germany hungary ,0
match thread uefa nation league italy england ,0
suarez the most underrated striker fut ,0
will entry denied help please ,0
just one hour ago georgia won against north macedonia image taken ,0
brazil ghana international friendly live streaming sport world ,0
tacolandia houston classified ,0
doe anyone know remember this app called ultimate fan live ufl you remember give your opinion ,0
highest rated player other european top division not including top league player ,0
new adidas shirt drop for the anyone know where get this long sleeve shirt ,0
this wa one the greatest period football also this trio wa entertaining watch cold photo ,0
\football \techmology \stats ,0
the cost human right abuse qatar ,0
pessi wallpaper thisus title guess but since the post requires letter atleast heading going ,0
gay football fan’ message qatar front the qatar ambassador ,0
magista opus elite heat map soft ground ,0
doncaster city have applied for place the scottish cup ,0
bayern fan get signed thomas muller shirt after hacking club website ,0
primer league the moment lol ,0
not big knee pain from playing ,0
post separation from her husband shakira say that incredibly difficult period ,0
discussion getting drink food game starting get impossible ,0
italy england england potential lineup uefa nation league leag ,0
sorare football fantasy game ,0
proud dad best football moment ,0
gabriel jesus ✨gabriel jesus ✨gabriel jesus ✨ ,0
the ha become nation state and you been hired the new manager what your lineup ,0
ever imagined why barcelona supporter called cule the nickname culer for barcelona supporter derived from the catalan cul english arse the spectator the first stadium camp indústria sat with their cul over the stand ,0
who winning champion league and who you think they will face the final ,0
erling haaland ha more premier league goal than cristiano ronaldo salah and gabriel jesus 2022 made his debut august simply inhuman ,0
which team will the champion league final ,0
two players… who you taking ,0
pranking die hard football fan ,0
norwich official match day programme september 1982 norwich southampton signature back and front any info would amazing ,0
nike have already ruined this year world cup ,0
sport medici etherton port opera and ruby codex leonardo vinci ,0
medici etherton code codex leonardo vinci ,0
peacefully queen gena medici etherton birthdate september 1962 ,0
peacefully queen gena medici etherton birthdate september 1962 ,0
peacefully queen gena medici etherton birthdate september 1962 ,0
peacefully queen gena medici etherton ,0
god artist colony the queen gena medici etherton artist colony ,0
1962 seattle world fair document queen gena medici etherton birthdate september 1962 ,0
god holy family angutans pera and ruby codex leonardo vinci ,0
medici etherton gifted gene gift from god woman cranium proof gifted gene peacefully queen gena medici etherton ,0
match thread uefa nation league poland netherlands ,0
queen gena medici etherton fundraise for the homeless facebook for birthday september 1962 ,0
september 1962 documented queen gena medici etherton birthdate have fundraiser for the homeless facebook peacefully queen gena medici etherton ,0
why the medici etherton can not get news article ,0
world cup 1982 rossi’ redemption ,0
are you true premier league fan ,0
how many these you know ,0
swearing the ref red card ,0
antonio conte reaction huge premier league win conte cam spur ,0
best position best cr7 goal ever ,0
’ called soccer end story ,0
ronaldo body and fitness longevity really that superior all the other player his age ,0
what sock are these found pair but there used anyone know ’ find new one ,0
erling haaland like zlatan ibrahimovic haaland ibrahimovic short ,0
you had say the future the sport what would you ,0
love manchester united ronaldo ,0
⚽neymerஐ ா்் ா்்ு ீா்ை 2022 adorable football skill ,0
guess football club nationality ,0
doe ronaldo bring toxicity the dressing room him after winning euro 2016 ,0
before the papa john trophy there wa the jpt and chesterfield fan know just how important used for english football ,0
the comment section quiet interesting but this one stand apart ,0
ronaldo not even good ’ think literally ha succ dribble this season ,0
just see how medium hyped ronaldo ,0
can someone please tell the name the first move skill wanna try beginner but don know the name even search ,0
watch live sport free and movie ,0
cryptocurrency enthusiast arif efendi dissects the football fans’ token ,0
manchester football contract offer could this the earliest around 1892 wife’ great grandfather received contract offer from west manchester football club “you are selected play saturday… good form need win” ,0
new football team love the new kit hah ,0
one the player watch scotland ukraine ,0
some the best footballer tier list this only opinion and respect everyone’ opinion ,0
any idea what team school this vintage photo from ,0
ronaldo messi short siuuuuuu ,0
premier league stats leader during the 2018 season paul pogba stand out what are other example help football history ,0
match thread uefa nation league scotland ukraine ,0
sky sport rolling out the part special potter career through the year ,0
nike phantom hypervenom phelon ,0
