title,subreddit
Basketball connects people - a nice fundraising story of non-profit project in Senegal,Basketball
Basketball connects people - a nice fundraising story of a non-profit project in Senegal,Basketball
Sui,Basketball
"Mike WiLL Made-It - 23 ft. Miley Cyrus, Wiz Khalifa, Juicy J",Basketball
"Maxey: like Hal Greer? Great jumper, smooth, athletic. #1 all-time 76er in points.",Basketball
Source of Energy | Earth | Eat This for Maximum Energy | Scientific Answer | What is Power | HIIMS:-,Basketball
Vienna is a champion of 3x3 Masters in Paris,Basketball
Look here who is the champion of the world in U23 3X3 Basketball,Basketball
NBA Highlights | Best Handle Plays 2023 Pre-Season,Basketball
What do I do now,Basketball
"Coaches, any tryout advice?",Basketball
OUT OF BOUNDS - TOP 10 NBA SHOOTING GUARD LIST,Basketball
guys i bougth a new basketball but its 28.5 (6) is there much difference between 6 and 7 ??,Basketball
Lebron's Previous Locations. CantHide finds previous locations by looking at a given social media account.,Basketball
NYC Hotels Allegedly Flooded with Transvestites for Start of NBA,Basketball
Need 5 more players,Basketball
I need to know the value of something,Basketball
2008 Finals Celtics Lakers,Basketball
Dior Johnson Got Arrested. Will he ever play in the NBA?,Basketball
Tearaway Trousers,Basketball
FIBA rules ejection of a player. player has to leave the gym?,Basketball
"Complete begginer hooper, help!",Basketball
TORN ACL anyways to keep my basketball skill,Basketball
1vs1 Rise and Sun tournament #philly #viral #ballislife #basketball #foryou #youtubeshorts#explore #Next #King #Meer,Basketball
Lebron trynna be young :D,Basketball
need help,Basketball
Playing against bigger and stronger players,Basketball
Should the LA Clippers consider the retirement of a Buffalo Braves jersey?,Basketball
Question regarding team memberships (season ticket holders),Basketball
Question regarding team memberships (season ticket holders),Basketball
Stephen A. Smith Says The Celtics Should've Protected Ima Udoka,Basketball
Warriors Twitter Reacts to Video of Draymond Punching Poole | Warriors F...,Basketball
JUCO,Basketball
2022 Preseason: Chicago Bulls vs Denver Nuggets Game Preview,Basketball
I bought a pair of lebron 19 but they are too tight for me.I feel like they mutilate my fingers and I still have space for my fingers forward the shoe.Will they loose themself or should I return them ?It squeeze my fingers together and I feel like it's burning my sole.,Basketball
What should happen to Draymond Green?,Basketball
Emilia Clarke Watches Warriors vs Rockets Game in Houston,Basketball
Jalen Rose's 'heart is broken' after watching the video of Draymond punching Poole | Jalen &amp; Jacoby,Basketball
"To all the basketball fans on reddit, what do y'all think about draymond punching Poole?",Basketball
Dunking,Basketball
What leg sleeves do nba players use?,Basketball
Ja Morant ü•∂,Basketball
Got a kid at school that has string defense and i need recommendations on how to get past,Basketball
does Stephen curry wear an ankle brace every game?,Basketball
Best jersey for hot Weather Outside?,Basketball
More Asian Players in the Naismith Hall of Fame?,Basketball
Shuddhi Package | Usage &amp; Dosage | Ayurvedic Immunity Booster | Shuddhi Ayurveda :-,Basketball
Shuddhi Package | Usage &amp; Dosage | Ayurvedic Immunity Booster | Shuddhi Ayurveda :-,Basketball
"Here is a amazing story about Jarret Jack, great basketball player",Basketball
"Chicago Bulls win first preseason game against Denver Nuggets, 131-113",Basketball
NBA player Giannis Antetokounmpo dancing on a Indian Movie Song,Basketball
How good am I?,Basketball
What should I work on?,Basketball
Is Victor Wembanyama the best draft prospect since LeBron?,Basketball
Draft Pics,Basketball
I'm 5'10 and taller than both parents could I reach a height like 6'3,Basketball
üöÄ,Basketball
Quick question,Basketball
Young #pointgod,Basketball
Youth Basketball,Basketball
Let‚Äôs debate,Basketball
"God has entered into my body, as a Ghost body! My same size! This is Baptism of The Holy Ghost!",Basketball
"God has entered into my body, as a Ghost body! My same size! This is Baptism of The Holy Ghost!",Basketball
"God has entered into my body, as a Ghost body! My same size! This is Baptism of The Holy Ghost!",Basketball
Tips for coaching k-2 basketball,Basketball
Any Tips on getting better ball control?,Basketball
Tre MANN is the MAN! | HIGHLIGHTS Against Adelaide 36ers | TFDU,Basketball
Basketball Coaches,Basketball
Confronting dirty player?,Basketball
Here you can see story about Brasilian player Leandro Barbosa https://3x3nation.com/leandro-barbosa-a-brasilian-lightning-bolt/,Basketball
Here is amazing story about Leandro Barbosa. Check it out if you want.,Basketball
Kobe bryant free throw % in practice vs games,Basketball
Ye Diwali Meethe Wali | Start Bringing Ayurveda to Life | Ayurveda Everyday with Acharya Manish :-,Basketball
what team do you want to see the most in NBA,Basketball
That guy is crazyüòÆ,Basketball
What is it called when you get pressed in a corner and ‚Äúaccidentally‚Äù hit the ball of the other players foot to make it go out of bounce on they‚Äôre end??,Basketball
Lowering Stress with Optimal Breathing,Basketball
Video of Draymond Green violently punching Jordan Poole,Basketball
"Honestly get me in a dunk contest, I‚Äôm tooooo nasty",Basketball
Sidy Cissoko/Draft Eligibility,Basketball
"Driving Job- No experience jobs in portland, OR up to 93K! - CDL Boards",Basketball
Can you land on Stephen Curry? #shorts,Basketball
I shoot left-handed and miss to the left.,Basketball
Who's an athlete you'd like to kick it with?,Basketball
Slapping/clacking noise?,Basketball
ÁºÖÁî∏Ê≠£ËßÑÂÆû‰ΩìÁôæÂÆ∂‰πê„ÄêHN5696.com„Äë,Basketball
What is a good light weight basketball for outdoors?,Basketball
SWISH!! #swoosh #basketball #tiktok #shorts #youtubeshorts #baby #instagram #college,Basketball
DUNKüèÄ! #nothingbutnet #swoosh #basketball #tiktok #shorts #youtubeshorts #baby #instagram #college,Basketball
DUNKüèÄ! #nothingbutnet #swoosh #basketball #tiktok #shorts #youtubeshorts #baby #instagram #college,Basketball
"My little 18 month baby boy putting in the work getting in his free throws!! üèÄ The baller loves to ‚Äúswish‚Äù it and throw it down as you can see in the other video on my page. We got some work to do, but my dude is 1.5 years old and on his way! üòÇ",Basketball
SWISH!! #nothingbutnet #swoosh #basketball #tiktok #shorts #youtubeshorts #baby #instagram #college,Basketball
I‚Äôm wondering if I should get a 44 inch or 50 inch basketball hoop. Spalding exactaheight.,Basketball
Vertical jump advice,Basketball
Atlanta Hawks vs. Milwaukee Bucks Head-to-Head in the NBA Regular Season - All-Time Game Log,Basketball
Lakers vs. Timberwolves Head-to-Head Records in the NBA Season and Playoffs,Basketball
NBA League Pass Coupons or Specials?,Basketball
"Is my vertical good? I‚Äôm a 15 year old boy, I am 5 foot 6, and I can jump 26 inches, and sometimes higher.",Basketball
How Tall Do You Have to Be For HS Girl's Basketball,Basketball
Shooting help,Basketball
https://www.fiverr.com/s2/fe01d212b2,Basketball
Who do you guys think will win Most Improved player?,Basketball
Reminder That Bubble Murray was Your Favorite Scorer's Favorite Scorer,Basketball
about to go to tryouts. any tips?,Basketball
"Idk where else to ask. I‚Äôm in Houston, where can I fill a basketball with air for free?",Basketball
Why am i regressing?,Basketball
EP Basketball Shoes Vs. Non EP Basketball Shoes,Basketball
Basketball is hell for me?,Basketball
Is wearing racket all goggles effective for protecting your eyes in basketball?,Basketball
"Realistically, could I make my school JV team without really crazy handles? I wouldn't say I'm really good at the game if anything probably below average compared to other kids in my grade, but I have basic fundamentals pretty much down.",Basketball
Anybody knows where I can know more deeply about defense principles and fundamentals?,Basketball
Planning to play 5on5 basketball either outside or gym. one thing I need to improve on is my accuracy.,Basketball
Tank for webanyama!,Basketball
Here is everything you need to know ahead of Paris Masters https://3x3nation.com/masters-in-paris-is-set-to-go/,Basketball
Can I play/train with a soccer ball?,Basketball
In your opinion what is the best basketball shoe in 2022,Basketball
American Basketball leagues,Basketball
Shaq on the GOAT debate,Basketball
Beginner in older mens rec league?,Basketball
Basketball careers for those who couldn‚Äôt go pro,Basketball
How Good was PRIME Kawhi Leonard Actually?,Basketball
Does playing basketball make you taller?,Basketball
register on 1xbet,Basketball
The WORST Basketball Commercial EVER,Basketball
First pick?,Basketball
Basketball Drills/Workout,Basketball
How Good was PRIME Kawhi Leonard Actually?,Basketball
Offensive use of forearm off ball.,Basketball
"off-ball, can player dislodge your arm when you're boxing them out etc?",Basketball
professional basketball coaches of Reddit,Basketball
"Made a video about the new era of the NBA, lmk what y‚Äôall think",Basketball
favorite song while hooping?,Basketball
The Return of Midnight Basketball and Its Oakland Community,Basketball
what is the best outdoor basketball?,Basketball
Skin of ball peeling,Basketball
Dumb question,Basketball
Taller opponents,Basketball
Here are informations about upcoming 3x3 u23 World Cup https://3x3nation.com/fiba-3x3-u23-world-cup-2022-will-get-underway-tomorrow/,Basketball
my form is ruined,Basketball
Wtf is the difference between a gather step and taking three steps,Basketball
Setting a pick,Basketball
I have a problem with jumping...,Basketball
My subreddit for UNC basketball,Basketball
Brooklyn Nets this season,Basketball
AAU Basketball Coach Destroys Tiktokers!,Basketball
Are there any indoor basketball court in Montreal/Laval that is not too expensive to rent for training?,Basketball
LUKA DONCIC SECOND-HIGHEST POINTS SCORED IN A SINGLE GAME IN #EUROBASKET HISTORY | HOLDTHAT REACTS,Basketball
shoes for a good deal?,Basketball
Shooting tips?,Basketball
Anyone knows the brand of this hoodie?,Basketball
best ball for strictly outdoor use?,Basketball
Anyone have any tips on how to do a behind the back dribble?,Basketball
This Sacramento Kings fact is bad,Basketball
Top 3 under 6‚Äô3‚Äù,Basketball
Patellar Tendinopathy help:,Basketball
Check out DAGREATGOD74 from kingswauveEscobar on www.twitch.tv,Basketball
KAI SOTTO HIGHLIGHTS Vs Phoenix Sun,Basketball
[OC] Chaotic Basketballing,Basketball
Vince carter olympic dunk,Basketball
How do i prove the people who make fun of me wrong?,Basketball
NBA Fan Podcast Episode 89,Basketball
Should I start playing?,Basketball
basketball sneakers,Basketball
Review on PJF Performance Handles Program?,Basketball
Review on JPF Handles program?,Basketball
JPF Handles Program?,Basketball
What Does Blake Griffin Bring To The Boston Celtics?,Basketball
Holding someone without the ball a foul?,Basketball
Best Outdoor Basketballs List,Basketball
Lebron James Cancelled (HUGE RISK),Basketball
"Michael Jordan tipped a waitress a $5 chip. Wayne Gretzky stopped the waitress, grabbed one of the many $100 chips on Jordan‚Äôs side of the table, and gave it to her. Then he said, ‚ÄúThat‚Äôs how we tip in Las Vegas, Michael.‚Äù",Basketball
I‚Äôm a 107 year old man with stages 4 cancer. Can I still make it into NBA?,Basketball
What To Expect | PREDICTING OKC‚Äôs SEASON | Trade Update,Basketball
Chef Curry Whips 17 PTS in 1st Half V Washingtonüë®‚Äçüç≥,Basketball
Whenever i want to shop sneakers for my self i always select the basketball shoes. They just give me comfort and make me attractive.,Basketball
Seeking improvement,Basketball
Is this Basketball Good?,Basketball
What to do when getting pressured,Basketball
Basketball best highlights,Basketball
"[AMA] I‚Äôm a certified personal trainer for strength and conditioning. I also train basketball players in skill development. Any questions you guys have on how to improve your game or athleticism, ill answer to the best of my ability!",Basketball
Questions from a Volleyball Player,Basketball
"Mix - Russ Westbrook- ""Lemonade",Basketball
Dope basketball video üî•,Basketball
Snipes x adidas Forum Classic 2021 Highlights - 2 vs 2 Basketball Tourna...,Basketball
Why don't USA mens players care about representing their country,Basketball
"‡§¨‡•Ç‡§¢‡•Ä ‡§Æ‡§æ‡§Å ‡§ï‡•Ä ‡§ï‡§π‡§æ‡§®‡•Ä, ‡§ú‡•ã ‡§∏‡§¨ ‡§§‡§ï ‡§π‡•à ‡§™‡§π‡•Å‡§Ç‡§ö‡§æ‡§®‡•Ä | Yeh Diwali Meethe Wali | Diwali 2020 #YeDiwaliMetheeWali :-",Basketball
Rate My Pickup Basketball Game/Skills,Basketball
LeBron James aims to play in more preseason games,Basketball
76ers star Joel Embiid now U.S. citizen,Basketball
Really enjoying the look of the 2019 Nike LeBron Soldier 13‚Äôs,Basketball
Cute girl destroys guy in basketball üî•,Basketball
hmm,Basketball
Do y‚Äôall think I could make the basketball team?,Basketball
The Brooklyn Nets Can‚Äôt be serious‚Ä¶,Basketball
ACC preview,Basketball
(Question) would it be possible for Hansel Emanuel to play basketball with a bionic arm?,Basketball
I‚Äôm scared shitless from these players,Basketball
Buy NBA and college basketball tickets for cheap here!,Basketball
Buy NBA game tickets for cheap here!,Basketball
Buy NBA game tickets for cheap here!,Basketball
The Brooklyn Nets Can't be Serious...,Basketball
What‚Äôs everyone‚Äôs views on the Malika Andrews controversy?,Basketball
Check out the top 100 plays from last season,Basketball
"You ever think back to a 1v1 you lost as a kid and you know you could have won, and it sort of bugs you to this day?",Basketball
Who do you guys think will be all NBA first team this year?,Basketball
Who do you guys think will win Most Improved player?,Basketball
I have a question,Basketball
Does flexibility make a huge difference?,Basketball
What is one piece of advice that you could give a 13 year old boy that would help him improve his mid range jumper and 3 point shot?,Basketball
If his dunk and vertical wouldn‚Äôt have been 99 rating that pass would‚Äôve been terrible ü•∂üò±,Basketball
Point guard,Basketball
The BEST Plays of the 2022 NBA Playoffs,Basketball
FIBA Women's World Cup semifinals | United States vs Canada,Basketball
FIBA Women's World Cup semifinals | Australia vs China,Basketball
60% Discount on HRX Shoes,Basketball
Will he play better,Basketball
Who is the most problematic Baller on youtube?,Basketball
MIKEY WILLAMS HAS A CAKE WALK ON THESE GUYS!!!- Mikey Williams triple do...,Basketball
UK Basketball Show,Basketball
Can i practice basketball really early in the morning (5 am) but there are lots of houses near the court?,Basketball
TikTok Basketball Trash Talkers Where Heated!,Basketball
gtex,Basketball
La frustration de basketteurs‚Ä¶,Basketball
"Eurobasket 2022 was a world cup, without USA, Argentina and Australia.",Basketball
Which player would dominate the most in WNBA?,Basketball
Vertical Explosion Training Program,Basketball
No Improvement in Vertical jump,Basketball
China and Australia qualified for the semi-finals of the Women‚Äôs Basketball World Cup,Basketball
FIBA Women's World Cup quarter-finals | France vs China,Basketball
The Best Books about Basketball - which books are missing?,Basketball
A new episode HoldThat reacts is out now,Basketball
Is Luka the second best PG in the NBA? Find out what the Out of Bounds crew thinks in their new podcast episode where they rank the top 10 NBA point guards,Basketball
FINALLY A GREAT NEW NBA 2K GAME MODE!!!!,Basketball
Karen Durant viral video(slo-mo),Basketball
Missed walk on tryouts for D1 school what to do now,Basketball
This Nba Player lost $50 Million to Junk food,Basketball
What are the best AAU basketball programs in your state?,Basketball
Jayson Tatum on New Boston Celtics Head Coach Joe Mazzulla,Basketball
Jayson Tatum on New Boston Celtics Head Coach Joe Mazzulla,Basketball
good basketball shoes for wide feet?,Basketball
6‚Äô5‚Äù and can‚Äôt dunk,Basketball
Biggest NBA Fines for Celebrations!üòà #shorts,Basketball
Marvel Studios‚Äô Secret Invasion | Official Trailer | Disney+ - YouTube,Basketball
2022 Alfred Dunhill Championship European Tour Live Streaming,Basketball
Kobe Bryant is better than Lebron James.,Basketball
Who works harder for their points in an NBA game,Basketball
Can someone suggest drills or videos to watch because I‚Äôve noticed when I shoot I pause at my set point for to long making me shooting kind of a two motion. I need to get it more fluid. Thanks,Basketball
Can someone suggest drills or videos to watch because I‚Äôve noticed when I shoot I pause at my set point for to long making me shooting kind of a two motion. I need to get it more fluid. Thanks,Basketball
Basketball Workout,Basketball
Shoulder Pain after big game,Basketball
Looking for basketball hoop for 3yr old,Basketball
Which LeBron James was TRULY the Best?,Basketball
Idk if basketball is for me atm,Basketball
She‚Äôs nice üî•,Basketball
She‚Äôs nice üî•,Basketball
whoman,Basketball
History of sports,Basketball
Pineapple belongs on Pizza?! ü§îüçï Na bro,Basketball
How to I shoot the ball when being defended?,Basketball
5 Takeaways from Bulls Media Day,Basketball
IS BRONNY JAMES A NBA PROSPECT ? COULD HE BE BETTER THAN LEBRON #bronnyj...,Basketball
Dumb question maybe,Basketball
I'm trying to grow on Tiktok by making Basketball videos,Basketball
I'm going to be the best basketball player ever.,Basketball
Training splits,Basketball
Its my first game against a different school.,Basketball
equipment for getting better,Basketball
I want to get into the NBA but I live in the uk,Basketball
Worth making the drive for a 10 foot rim?,Basketball
I want to improve my vertical jump and im having trouble finding the right training,Basketball
Lebron and KD not top 5 - are they too old?,Basketball
need help finding basketball shoes!!,Basketball
Can A Revitalized Nuggets Team Dethrone the Warriors?,Basketball
Divisions for Adult League Basketball?,Basketball
A TRANSPORTABLE BASKETBALL HOOP,Basketball
How to get into NBA game from another country?,Basketball
TOP 10 NBA POINT GUARD LIST https://linktr.ee/blackspot123?utm_source=linktree_profile_share&amp;ltsid=e50fadf3-9f12-4424-8d9a-aef2dbf755e9,Basketball
NBA TOP 10 POINT GUARD LIST check it out,Basketball
i wonder why?,Basketball
How tall do you need to be to perform a well working skyhook in games?,Basketball
Follow @rush_mensbasketball on insta,Basketball
Free Cpn Bible Hack,Basketball
Jumpshot,Basketball
Want to start getting into overseas basketball‚Ä¶who is the overseas equivalent to Allen Iverson,Basketball
Kosz,Basketball
"Though She's Getting Worse, Arizona's Emilee Gustafson Keeps Getting Better",Basketball
My Tribute to Basketball. Feel free to comment your own.,Basketball
"I got embarrassed by a girl in basketball, should I quit playing basketball?",Basketball
Is the Steve nash runner basically just a one legged jumper?,Basketball
Free Miles Bridges until it‚Äôs backwards on GüèÄ,Basketball
hi does anyone have vert program and can give to me,Basketball
How did Kobe only win One MVP?,Basketball
He Didn‚Äôt Know How To Miss!,Basketball
Kevon Looney The Next Splash Brother? Highlights,Basketball
heat need to make a trade,Basketball
Does anybody know a good streaming site for European basketball?,Basketball
Lebron James is better than Michael Jordan - One Minute Movie #parody #viralshorts #fyp,Basketball
- YouTube,Basketball
Best basketball shoes in your opinion?,Basketball
Dm with your cashapp tag or PayPal or Apple Pay or zelle or venmo to get spoiled immediately right now with $4000‚ù§Ô∏è‚ù§Ô∏è‚ù§Ô∏è‚ù§Ô∏è‚ù§Ô∏è,Basketball
On the shorter side,Basketball
Kevon Looney Next Splash Brother Highlights,Basketball
Portable Basketball Hoop,Basketball
Was anyone else good at basketball then became washed?,Basketball
Buy basketball game tickets for cheap here!,Basketball
How much do NBA referees get paid per year?,Basketball
Timelapse of healing a wound and more,Basketball
How to motivate em?,Basketball
"NBA has the most ignorant, arrogant &amp; softest players, media and fanbases out of all the major sports in 2022",Basketball
how much does a basketball ball weight im confused?????????,Basketball
22 yo wants to play basketball again,Basketball
Highlights From Roger Federer Last Match about full farwell - web-stories.online,Basketball
A 19-Year Old Beginner Wondering What The Hell To Do,Basketball
Anime X Basketball ~ 100 basketball scenes from 100 different anime series,Basketball
Bevo Francis Finalist,Basketball
Question,Basketball
Amzn4,Basketball
Rules when posting up,Basketball
22 [F4M] New virgin gamer horny for sexts,Basketball
In street ball does the offensive player or defensive player call foul?,Basketball
Ime Udoka DID WHAT...!?,Basketball
I‚Äôm both the tallest player on my team and the worst player on my team,Basketball
"I‚Äôm both the tallest player on my team, and the worst",Basketball
Hey y‚Äôall i ¬¥le new in my middleSchool team and I‚Äôm better than em but they don‚Äôt want to work and become better at the game,Basketball
Which NBA player is the most likely to score 50pts first this season?,Basketball
Do you log your games?,Basketball
Wtf do I do,Basketball
Why is the female staffer from the Boston Celtics being protected?,Basketball
LA Lakers Championship Ring! #shorts,Basketball
Is Jimmy Butler a Top 10 NBA Player?,Basketball
ProFitX Trade Analysis: Detroit + Utah,Basketball
Warriors @ Wizards 9.30 Which team do you pay more attention to in a game?,Basketball
who would win between the best middle school team in the country vs. the worst WNBA team?,Basketball
Here comes another one lol,Basketball
"Jalen Hill, former UCLA basketball player, dies at age 22",Basketball
I made a free fantacy basketball league,Basketball
https://youtu.be/Si4z8JoOK6Q,Basketball
Need an explanation as to why Jordan is greatest player as opposed to Lebron. For someone who doesn‚Äôt watch basketball,Basketball
Michael Jordan Precious Metal Gem PMG /10 Card,Basketball
Perspective | Robert Sarver said he wanted forgiveness. He really wanted us to forget.,Basketball
"I can‚Äôt decide weather to support 76ers, Bucks or Celtics",Basketball
I need help with mb.01 sizing I‚Äôm a size 11 in Kyrie 8,Basketball
Kobe's Whole Career In 40 Seconds,Basketball
Anyone know where I can buy an official NBA ball?,Basketball
New to basketball? How do I get started and what do I need to know?,Basketball
Moves to know if you‚Äôre undersized?,Basketball
Are Nike Elite socks worth it? https://youtu.be/1ss--Y68w30,Basketball
Are Nike Elite socks worth it? https://youtu.be/1ss--Y68w30,Basketball
Just became captain of my first ever Campus REC basketball team. Anyone know where I can find accessible bball resources for a first time player-coach?,Basketball
NBA Highlights | Dunks But They Get Increasingly More Disrespectful,Basketball
EuroBasket 2022 Recap,Basketball
Does anyone know a good place to start learning to play basketball üôÄüôÄüóøüóø,Basketball
https://youtu.be/fEYjBbpLw00,Basketball
STEPHEN CURRY INSANE 43 PTS 7 THREE'S 10 REBS VS CELTICS 2022 FINALS GAME 4 | HOLDTHAT REACTS!,Basketball
i need a loyal slave to adore to be dominated,Basketball
NBA classic games,Basketball
Looking for basketball near you?,Basketball
ANDREW TATE PULLED UP ON US IN NBA 2K23 (BEST JUMP SHOT AND BUILD FOR PO...,Basketball
How to improve my shooting form and skill?,Basketball
Never knew James Harden had that beard since he was little,Basketball
"""An in depth story of how NBA player Delonte West went from making $16 Million a year to becoming HOMELESS.."" Never knew it was this bad",Basketball
FIBA Womens World Cup Basketball Live Stream,Basketball
Check out this NBA 2022 Preseason game between the WARRIORS and NETS.. Watch here:,Basketball
Honest hot take,Basketball
Filipino PLNU basketball coach living her hoop dreams,Basketball
"I love football, but there‚Äôs nothing worse to me than a game going 0-0. It puts me in a bad mood and I wish I would‚Äôve just skip it. It‚Äôs always such a major disappointment.",football
[Match thread - Liga Profesional Argentina] Boca Juniors vs Aldosivi,football
"Hello fam, I want to know about how to convert myself into a great football fan?. TIA",football
idk neymarrrrrrrrrrrrrrrrrrrrrr,football
Learn about Al-Ahly‚Äôs confrontations after the draw for the new season of the Egyptian League,football
"I‚Äôm 16 and want to learn how to play football, how?",football
[Match thread - Liga Profesional Argentina] Patronato vs River Plate,football
I want to watch the World Cup/ Champions league matches while I am in school. Could you link some good sites to watch all the matches?,football
College football- where to start?,football
Chance of A Monday Night Football Upset?,football
The Packers lost their football game against the Giants today By 27-22,football
INBOX FOR FREE ACCURATE CORRECT SCORE 100% GENUINE TIPS Just one small positive thought in the morning can change your whole day.‚Äù,football
What changes could I make to be able to play my desired positions?,football
Harry Kane launches foundation aimed at changing perceptions of mental health. The Tottenham striker has previously supported mental health charities through his shirt sponsorship at Leyton Orient,football
ÿ®ÿπÿ´ÿ© ÿßŸÑÿßŸáŸÑŸâ ÿ™ÿµŸÑ ÿßŸÑŸâ ÿßŸÑŸÇÿßŸáÿ±ÿ© ÿ®ÿπÿØ ÿßŸÑŸÅŸàÿ≤ ÿπŸÑŸâ ÿßÿ™ÿ≠ÿßÿØ ÿßŸÑŸÖŸÜŸäÿ≥ÿ™Ÿäÿ±Ÿâ,football
BIG NEWS: Bayern Munich's Jamal Musiala tests positive for COVID-19,football
Casemiro in the premier league,football
#20 Jevien Smith Flag FootBall HighLights,football
It‚Äôs been a fun time in Cleveland Rock‚Äôn and Rolling through the weekend at a Browns Game &amp; winning some at the casino.,football
r/Football Daily Discussion Thread,football
Scotland beat Ukraine in the Nations League thanks to a pair of goals from Lyndon Dykes,football
"Seeing the Swan in a championship game is exciting, but what makes me root for them is that they act by their core beliefs",football
Ronaldo should have not left Real Madrid,football
First things to improve for amatheur footballer,football
Hearts of Oak arrive in Ghana after CAF Confederation Cup defeat to Real Bamako,football
The Detroit Lions And The ‚ÄúBest Offense‚Äù In The NFL Get Shutout Against The Patriots,football
"Pick one, drop one and bench one",football
Atletico Madrid permanently buys Antoine Griezmann from FC Barcelona (till 2026),football
Is Haaland the best player in the world right now?,football
"I believe this is the most logical way to proceed. Does anybody disagree? (FIFA, Make it happen!)",football
Saudi Arabia wealth fund commits $2.3bn to football sponsorships,football
Salah Mohsen is on loan to Ceramica and the Arabs Badr to the army,football
has a footballer ever deliberately missed or even let the opposing team score because they support the opposing team?,football
Copenhagen vs Man. City,football
Maccabi Haifa vs Juventus,football
Dinamo Zagreb vs RB Salzburg,football
Celtic vs RB Leipzig,football
AC Milan vs Chelsea,football
Dortmund vs Sevilla,football
Shakhtar vs Real Madrid,football
PSG vs Benfica,football
European champs Italy draw England in EURO 2024 qualifying,football
ÿ™ÿπÿ±ŸÅ ÿπŸÑŸâ ÿ≥ÿ®ÿ® ÿπÿØŸÖ Ÿàÿ¨ŸàÿØ ŸÖÿ®ÿßÿ±ÿßÿ© ÿ®ŸäŸÜ ŸÖÿßŸÜÿ¥ÿ≥ÿ™ÿ± ÿ≥Ÿäÿ™Ÿä Ÿàÿ£ÿ±ÿ≥ŸÜÿßŸÑ ŸÅŸä ÿßŸÑÿ¨ŸàŸÑÿ© 12 - ŸÉŸàÿ±ÿ© ÿ®ŸÑÿ≥,football
Napoli vs Ajax,football
Atl√©tico Madrid vs Club Brugge,football
Tottenham vs Eintracht,football
Rangers vs Liverpool,football
Barcelona vs Inter Milan,football
Leverkusen vs Porto,football
Sporting vs Marseille,football
Viktoria Plzen vs Bayern Munich,football
Thomas Partey was impressive against Liverpool ‚Äì Piers Morgan,football
Luis Diaz out for 6 weeks due to knee injury,football
"Franco Baresi, Paolo Maldini or Alessandro Nesta?",football
Physical exercises and rehabilitation of Tao and Ammar in Al-Ahly exercise,football
POV Nottingham Forest Fans Rank players,football
Fifa 23 gameplay | PS5 | Full game HD,football
"Is Kepa Arrizabalaga back to his best at Chelsea, or a short-term solution?",football
World Cup Xmas ornament 2022 !,football
Are Arsenal PL Title Contenders?,football
Al-Ahly is completely red in front of Ittihad Monastir,football
Has there been a case of a contract being terminated while the player was on loan?,football
i think its too good and messi=ronaldo,football
"Roger Waters playing football in Marseille, 1972. Photo by Jean-Claude Deutsch",football
Learn about the expected formation of Al-Ahly against Al-Ittihad of Monastir,football
I tried to draw the chelsea crest from memory,football
Footballers And Their Mental Health,football
EPL Top Four- What Are Your Predictions?,football
Would This Be A Red Card Offence?,football
Can you get good at football by kicking a ball around on your own and practicing skills and that?,football
Not sure what position to play,football
NEW FOOTBALL GAME --&gt; Touchdown.life,football
How many points the top teams have dropped this season,football
Indianapolis Colts vs Denver Broncos,football
Can players pay their own transfer fee if they're desperate to go in the club?,football
Can players pay their own transfer fee if they're desperate to go in their desired club?,football
subscribe to my channel i make football edits u can tell by the name,football
my football boots broke can i use lacrosse boots or should i just wear my shoes,football
13 Premier League teams have scored less league goals than Erling Haaland thus far. Cheat code!,football
Kevin de Bruyne is now Man City's assist KING,football
Would you say it‚Äôs harder for a man to go pro than a woman?,football
r/Football Daily Discussion Thread,football
Euro 2024 qualifying draw: England grouped with Italy,football
INBOX FOR ACCURATE CORRECT SCORE 100% GENUINE TIPS It's never too late to be what you might've been.Trust yourself that you can do it and get it.,football
Please visit my blog .By visiting my blog you will know how to lose weight without dieting,football
Iker Casillas comes out as gay as Real Madrid and Spain legend asks for 'respect',football
Iker Casillas comes out as gay,football
Puyol and casillas come out as gay,football
bro... another 2 legends... casillas and puyol just came out as gay,football
* * B R E A K I N G N E W S * *,football
Harry Kane emotional break down in tears,football
I don't know what to say at this point,football
Puyol and Casillas???!!! For reall!?,football
Is Haaland the best 22 years old player ever?,football
In desperate need for advice. :(,football
Football Team Lost - Guided Meditation Video,football
Looking for black boots/cleats,football
what is the best link to watch football,football
anyone know where I can find the Denmark 22/23 home kit for my son we live in Ireland and we can only find it on Hummel and it cost a lot just wondering does anyone know where to find it for a cheap price,football
[Match thread - Premier League] Everton vs Manchester United,football
"Arsenal serious contenders, Liverpool have lost it big time.",football
How to get better at dribbling ?,football
Al-Ahly opens its African campaign with a goal in a deadly time against Ittihad Monastir,football
The Liverpool manager right now,football
Tell me some jokes that only football fans would understand,football
[Match thread - Serie A] AS Roma vs Lecce,football
How to watch the buffalo bills vs Steelers game?,football
[Match thread - La Liga] Barcelona vs Celta Vigo,football
700th goal by Cristiano Ronaldo,football
CR700. The King. Unreal üòÆüò±ü§çü•∂üò≥üëë,football
Aubameyang opens up on Arsenal manager Arteta,football
I'm very curious about their stories. What are you thinking?,football
What would your ‚Äúrest of the world‚Äù 26 man squad at the World Cup look like?,football
Erik ten Hag asks his Manchester United side to ‚Äòplay nasty‚Äô and be smarter,football
Coach 'masturbated in front of Leicester player and groped her for bad passes',football
Our perception of 2022 World Cup amidst slavery,football
know more about fifa world cup 2023.,football
Premier League clubs ban players from listening to offensive music in unprecedented step,football
Youtuber Making Player Highlights,football
Saints' Allen expects Dalton to start at QB vs. Seattle,football
PREMIER LEAGUE TRENDS WEEK 10 - CRAZY DOUBLE HATTRICK,football
Accurate .......................,football
Accurate .......................,football
match day gone wrong horrible finger injurie,football
Euro 2024 qualifying draw to take place on Sunday: All you need to know. The 2024 European Championship draw takes place in Frankfurt on Sunday - who could the home nations face?,football
"FIFA won't sanction Indonesia over fatal crush, Widodo says",football
r/Football Daily Discussion Thread,football
I made it for the Ronaldo fans. Do you guys like it?,football
Who is the Tier 1 journalist for Liverpool FC,football
Neymar Vs Ghana Highlights 2022,football
IP--TV subscription whit best price,football
[Match thread - Serie A] Sassuolo vs Inter,football
Would you wear a wrist band that vibrates whenever your team scored a goal live. (Even if your not watching the game to remind you of their goals),football
[Match thread - Premier League] Chelsea vs Wolves,football
[Match thread - Premier League] Manchester City vs Southampton,football
[Match thread - La Liga] Atletico Madrid vs Girona,football
Ordering football shirts from Brazil,football
"How do I get into football, like I want to learn the players?",football
Daka Goal vs nottingham forest,football
Daka Goal Arabic Commentary ÿπÿ±ÿ®Ÿâ ŸÑŸäÿ≥ÿ™ÿ±,football
Is pOrnhub a valid sponsor for a football club,football
[Match thread - Serie A] AC Milan vs Juventus,football
Men‚Äôs Euro qualifying groups set to be capped at five as Nations League expands,football
Hvor mange scorer Erling Braut Targaryan i dag?,football
[Match thread - Bundesliga] Borussia Dortmund vs Bayern Munich,football
"At this time, the 12th place in Bundesliga is 5 points behind the first one.",football
Al-Ahly takes part in the last exercise before facing Al-Ittihad of Monastir,football
"Together We could END homelessness in America. Peacefully, Queen gena de' Medici Etherton",football
"Together We could END homelessness in America. Peacefully, Queen gena de' Medici Etherton",football
"Together We could END homelessness in America. Peacefully, Queen gena de' Medici Etherton",football
"Together We could END homelessness in America. Peacefully, Queen gena de' Medici Etherton",football
"Together We could END homelessness in America. Peacefully, Queen gena de' Medici Etherton",football
BROJA‚Äôs FIRST CHELSEA GOAL | Chelsea 3-0 Wolves (Match Report),football
Neymar vs Ghana Full Highlight,football
Streameast Alternatives | 10+ Best Sites Like Stream East Proxy/Mirror - iTech Book,football
Best Hesgoal Alternatives Sites Like Hesgoal.com Live Stream 2022 - iTech Book,football
œÑŒ± Œ∫Œ±ŒªœçœÑŒµœÅŒ± tips Œ≥ŒπŒ± œÉœÑŒøŒØœáŒ∑ŒºŒ± !!!!!,football
[Match thread - Ligue 1] Reims vs Paris Saint Germain,football
[Match thread - La Liga] Getafe vs Real Madrid,football
What's the best football/soccer streaming service in Canada?,football
THE FIFA 2022 For what reason is a tournament in November?,football
More impressive in one game: 4 goals or 2 goals and 3 assists?,football
Roberto Carlos facebook story!,football
ronaldo is dead he has dies in a car crash not good,football
Ronaldo scored a banging goal last gameüò≥‚ÄºÔ∏è thoughtsü§î‚ÅâÔ∏è,football
"On this day, October 6th, 2001, it has been 21 years since beckham sent england to the 2002 world cup.",football
Does anyone know where I can find official merchandise for the upcoming World Cup?,football
[Match thread - Liga Profesional Argentina] Gimnasia L.P. vs Boca Juniors,football
Victoire importante de la s√©lection Ha√Øtienne des Amput√©s 4 - 1 face √† la Tanzanie - Galactique News,football
Worthless teams Matt Ryan is the worst quarterback I think I‚Äôve ever seen.,football
what are the noticable differences between a Premier League player and a League One player? what age do they start to separate?,football
"Wait What?: Russian Footballer scores an outrageous backflip penalty, taking the internet by storm",football
"Tottenham fitness coach Gian Piero Ventrone has died from leukaemia, aged 61",football
Top 10 most free-kick goals by active footballers History,football
Top 10 most free-kick goals Top 10 most free-kick goals by active footballers History,football
World Cup Preview - Group A and Group B Predictions - Playing from the Back,football
OZIL vs KDB who‚Äôs better all time?,football
Incredible catch-up from LA pulga!,football
A football limited series 'FIFA' in works at Paramount+,football
A mid-season World Cup will produce better football: Beckham,football
Ukraine ‚Äòto join‚Äô Spain and Portugal‚Äôs 2030 World Cup bid | World Cup News,football
One person dies after police use tear gas at Gimnasia-Boca Juniors game. At least one person dies after police fired tear gas at fans outside Gimnasia's stadium at their match against Boca Juniors in Argentina,football
Mb√°ppe vs halland tell us what you prefer,football
"G.O.A.T performance"" UCL Career",football
"Predicciones, pron√≥stico, cuotas y previa de apuestas de Las Vegas Raiders vs Kansas City Chiefs | NFL Semana 5 2022",football
r/Football Daily Discussion Thread,football
Belgium vs croatia fifa world cup match 2 tickets on sale Inr40k,football
Anthony Martial and Rashford Scores | Manchester United vs Omonia FC | All Goals,football
"Nouveau record pour Messi, le GOAT a marqu√© compte 40 √©quipes en ULC",football
"Franck Ribery is set to retire from professional football, aged 39",football
Cristano Ronaldo vs Lionel Messi,football
This wabbit is better than some of the people I know.,football
Know the channel that broadcasts the Al-Ahly match in the Champions League,football
"I found this football helmet on eBay, and I thought some of you might be interested.",football
Everyone with their clone vs messi,football
Xabi Alonso ü§ù the chad Meme face,football
World Cup 1990: A Night at the Opera,football
Will Haaland ever beat Messi's record of 91 goals in a Calendar Year?,football
Leeds United target Ukraine star Mykhaylo Mudryk,football
Manchester United's Erik ten Hag: Cristiano Ronaldo 'Pissed off' When He's Benched,football
Can other clubs follow Napoli's brilliant example of how to reload?,football
"Panini‚Äôs 2022 WC Album features these collectionable stickers, which are incredibly rare, here‚Äôs my first one!!!",football
[Match thread - Liga Profesional Argentina] River Plate vs Estudiantes L.P.,football
That Was MAGIC | Chelsea 3-0 AC Milan (Match Report),football
What's a good way to start getting into football?,football
Support me plz subscribe like and share,football
"True or false, Man City are the only premier league team to sign good Bundesliga players?",football
üö®breaking news: sevilla manger julen loptegui got SACKED!,football
Kansas City Chiefs vs Las Vegas Raiders Discussion Threads,football
Last Minute FC - Ballers United Full Game,football
"‚öΩÔ∏èThe career journey of ""Captain Fantastic"" Sunil Chhetri | Indian Footballer | Indian Sports | www.kreedon.com",football
LM10 Heavyweight T-shirt Classic,football
Thaughts? any of you from Qatar?,football
Thaughts? any of you from Qatar?,football
If the next generation of Ronaldo vs Messi argument is Haaland vs Mbappe ..,football
r/Football Daily Discussion Thread,football
Can Erling Haaland break Lionel Messi's 91 goal season record?,football
"As a man in my mid 20s, i hope i can witness an Africa nation win the World Cup within my lifetime.",football
Erling Haalands Epic Premier League start is Man City's greatest sportsw...,football
When did the GOAT actually become the GOAT?,football
"Ghanaian giants, Asante Kotoko will face the senior national team of Belize, the Jaguars, ahead of the 2022 World Cup break in November.",football
"Its one of the, if not the, best soccer/footbal commercials ever",football
"Its one of the, if not the, best soccer/footbal commercials ever",football
Pep Guardiola isn't as good as people say he is.,football
Watch the Al-Taawon and Al-Wahda match broadcast live on 06-10-2022 Saudi League,football
Lionel Messi confirms he will not play the 2026 FIFA World Cup,football
I can‚Äôt play football with boots on,football
Mens Black Ribbed Hem Leather Baseball Custom Bomber Jackets,football
[Match thread - UEFA Europa League] Omonia Nicosia vs Manchester United,football
New 15 year old Romanian talent Borsa Paul got transfered to Sporting Cluj after scoring last summer 8 goals in 4 matches and he is already playing with the U17üò≥,football
Which is the World Cup with the worse Kits you remember (more shite designs than good ones),football
link for live football matches,football
"Top 10 Buffstreams Alternatives To Watch College Football, NFL, UFC, NBA Online - iTech Book",football
The TRUTH About Academy Football YT:Favodavo,football
[Match thread - UEFA Europa League] Arsenal vs Bodo/Glimt,football
Who was more impressive? Zidane he coach or Zidane the player?,football
"What is better according to you? Getting eliminated in CL group stage to fight for a trophy (Europa League), or get knocked out in RO 16?",football
Footballers football podcast. Must watch!,football
Will Haaland ever break Messi's record of 91 goals in a Calendar Year?,football
Lionel Messi Says 2022 World Cup Will 'Surely' Be His Last,football
CM: Milan face another transfer battle with Leeds to land Red Bull Salzburg sensation,football
Hi guys. Just wanted to share r/premierleaguenoobs for anyone wanting to learn about the PL,football
Ajax-Napoli 1-6 in Champions League: Ajax's on social media dedicated to Cruijff and Maradona watching the match in heaven,football
Together We could END homelessness in America.,football
Together We could END homelessness in America.,football
"Peacefully, Queen gena de' Medici Etherton Documented birthdate: September 24, 1962'",football
"Peacefully, Queen gena de' Medici Etherton Documented birthdate: September 24, 1962'",football
"Peacefully, Queen gena de' Medici Etherton Documented birthdate: September 24, 1962'",football
I bought this T-shirt as a daily reminder,football
"Mid season Highlights Levi Garrett football highlights, co‚Äô2026, 5‚Äô9‚Äù, 150lbs, 11 touchdowns by midseason, running back. #4.",football
LA Rams get ROASTED by TrashTalk Tommy‚Ñ¢Ô∏èüòÇüî•üèà,football
Which players retired in their prime?,football
INTER MILAN VS BARCELONA HIGHLIGHTS,football
simeone football manager is the best?,football
Italy issue extradition request for Ex Brazilian footballer Robinho to serve 9-year prison sentence for gang rape,football
Can a JV player or Varsity player beat an academy player,football
FIFA WORLD CUP 2022 ( Qatar) / Winter World Cup,football
Summary of the Champions League matches,football
Siemone loses to Brugge while Simeone beats Ajax,football
"Kansas City Chiefs vs. Las Vegas Raiders prediction, pick, odds: Can Derek Carr, Raiders get win on MNF?",football
LiveScore from all around the world,football
Lionel Messi set for return to FC Barcelona - Get Spanish Football News,football
ESPN: Cristiano Ronaldo Expected to Seek Transfer Again From Manchester United,football
Best goals of this season!Incredible skills,football
"Erling Haaland's Goalscoring prediction, if he manages to maintain his current rate. absolutely unreal!",football
Inter Milan beat Barcelona 1-0,football
football live upcoming üîú join me on telegram,football
football livestream ! join me in telegram,football
The Fastest Goal In Football history was scored just 2 seconds after kick-off.,football
"Football Australia (FA) have issued a lifetime ban to a spectator for making ""a fascist salute or similar gesture"" during the Australia Cup final",football
Found a new Football Podcast today,football
"experienced wingers, what advice would you give to young wingers to improve their play?",football
r/Football Daily Discussion Thread,football
The Detroit Lions Are 1-3 With The Number 1 Scoring Offense &amp; I Can‚Äôt Wrap My Brain Around It,football
Which football ground would you like to go to one day just to witness the atmosphere and fans?,football
Mourinho and Ferguson phrases added to Oxford English dictionary,football
Match question from an American üá∫üá∏,football
Profile on sudden cardiac arrests on a football field,football
Waiting for Chelsea - Milan: H2H Giroud vs Aubameyang,football
Young Ronaldo 2008 the best player,football
"I‚Äôm an American who doesn‚Äôt follow soccer much, what has changed since the last World Cup in terms of Messi, Ronaldo, Neymar?",football
Xabi Alonso appointed Bayer Leverkusen boss to take first senior management role,football
[Match thread - UEFA Champions League] Benfica vs Paris Saint Germain,football
[Match thread - UEFA Champions League] Chelsea vs AC Milan,football
[Match thread - UEFA Champions League] Manchester City vs FC Copenhagen,football
[Match thread - UEFA Champions League] Juventus vs Maccabi Haifa,football
[Match thread - UEFA Champions League] Real Madrid vs Shakhtar Donetsk,football
When you think so many good teams missing out on the champions league.,football
Watch all sports matches here!! ‚öΩÔ∏èüèéÔ∏è https://discord.gg/8qkqtaKb,football
Champions League Matchday 3: Game-by-game preview,football
Own Your Game - Sorare NFT Fantasy Football,football
Is this just a bone bruise ???,football
"Interview with International MLS Soccer Star, Sofiane Djeffal and Brendan Hines-Ike",football
"A mini-movie about the career of West Ham's legendary captain - Billy Bonds. 799 games, 61 goals &amp; 2 FA Cup trophies with The Hammers. A true legend of English football",football
Looking for wide foot turf shoes,football
Daka goal from stand! Leicester City vs Forest,football
Toxic Fans are hella annoying.,football
This Erling Haaland's stat is just insane,football
WYR have 2 Messis or 2 Ronaldos on your team?,football
The NFL World Is Praying For Terry Bradshaw,football
Maria Caputi becomes the first ever female official in Serie A after officiating Sassuolo's clash with Salernitana,football
why is there so much hate towards the women's game?,football
Question about throw in goals.,football
Question about throw in goals.,football
ORIGINAL SHIRTS AND THEY COST ONLY 30‚Ç¨!,football
Haaland and Antony beautiful goals,football
By the Numbers: Los Angeles Rams at Dallas Cowboys,football
Given Leicester's current form will they survive?,football
Denver Broncos vs. Indianapolis Colts Betting Picks and Prediction,football
Minnesota Vikings Remain Atop NFC North After Week 4 Win,football
What European Club Should I Support?,football
ÿ™ÿπÿ±ŸÅ ÿπŸÑŸâ Ÿàÿ¨Ÿáÿ© ÿßŸÑÿßŸáŸÑŸâ ÿÆŸÑÿß ŸÖÿπÿ≥ŸÉÿ±Ÿá ÿßŸÑŸÇÿßÿØŸÖ,football
r/Football Daily Discussion Thread,football
Can someone tell me the game and what happened?,football
Simple question - who's better? ü§î,football
Original football shirts for only 30 EUROS!!!,football
Buffalo Bills vs Pittsburgh Steelers Discussion Threads,football
The Confederation of African Football (CAF) has re-opened bids for the hosting rights of AFCON 2025 after they were taken away from original host Guinea.,football
Club Brugge vs Atl√©tico Madrid,football
Ajax vs Napoli,football
Eintracht vs Tottenham,football
Porto vs Leverkusen,football
The horror at gate 13 - what actually happened during the Kanjuruhan Tragedy,football
RB Leipzig vs Celtic,football
Chelsea vs AC Milan,football
Man. City vs Copenhagen,football
Juventus vs Maccabi Haifa,football
Real Madrid vs Shakhtar,football
Benfica vs PSG,football
Sevilla vs Dortmund,football
[Match thread - UEFA Champions League] Bayern Munich vs Plzen,football
[Match thread - UEFA Champions League] Marseille vs Sporting CP,football
Thoughts about football boots while playing in rain,football
Messii back at barcaaa?????!!!,football
Manes offside problem is getting worrying?,football
Lionel Messi ‚Äòon verge of agreeing incredible Barcelona transfer return with PSG ace to join next July‚Äô,football
The most clear and obvious offside of all time,football
Ajax-Napoli in Champions League: Ajax's on social media dedicated to Cruijff and Maradona watching the match in heaven,football
Fans clash with police ahead of Liverpool vs Rangers as arrest made,football
Fans clash with police ahead of Liverpool vs Rangers as arrest made,football
[Match thread - UEFA Champions League] Club Brugge KV vs Atletico Madrid,football
[Match thread - UEFA Champions League] Inter vs Barcelona,football
[Match thread - UEFA Champions League] Liverpool vs Rangers,football
[Match thread - Liga Profesional Argentina] Boca Juniors vs Velez Sarsfield,football
"Everyone's been telling me to pick a premier league team, so here's my pick!",football
The World Cups that lasted the longest,football
ÿßŸÑÿßÿ™ÿ≠ÿßÿØ ÿßŸÑÿßŸÅÿ±ŸäŸÇŸâ ŸäÿπŸäŸÜ ÿ≥ŸäŸÉÿßÿ≤ŸàŸâ ÿ≠ŸÉŸÖÿßŸã ŸÑŸÖÿ®ÿßÿ±ÿßÿ© ÿßŸÑÿßŸáŸÑŸâ Ÿàÿßÿ™ÿ≠ÿßÿØ ŸÖŸÜŸäÿ≥ÿ™Ÿäÿ±Ÿâ,football
"Jets vs. Steelers Score, Recap , takeaways : - Read more here",football
[Match thread - Liga Profesional Argentina] Argentinos JRS vs River Plate,football
ÿßŸÑÿßŸáŸÑŸâ Ÿäÿ∑ÿßŸÑÿ® ÿ®ÿßŸÑÿ≥ÿπÿ© ÿßŸÑŸÉÿßŸÖŸÑÿ© ŸÑŸÖÿ®ÿßÿ±ÿßÿ© ÿ£ÿ™ÿ≠ÿßÿØ ŸÖŸÜŸäÿ≥ÿ™Ÿäÿ±Ÿâ,football
Why does it hurt my feet so much when I try to shoot with the laces?,football
How a deadly crush at an Indonesia soccer match unfolded,football
I found some cones on the road. I have something to dribble around now!,football
"I think if haaland moves to la liga in a couple of seasons, he might break Messi‚Äôs goal record.",football
Ronaldo vs Messi who is the Goat?,football
How many tablets got destroyed tonight in Tampa Bay? Not sure this is the message to send to young people about sportsmanship: starting fights and throwing tantrums when you don't win.,football
This is a lie if you're not a Man City fan,football
At least 174 killed in Indonesia soccer stadium crush,football
How many of you will really boycott this World Cup?,football
Man United in 2028. Hahahahaha,football
How good was Inter Milan in 2005?,football
"Which ""underdog team"" has the best chances of winning the Champions League season?",football
How to treat burns from turf? (Artificial grass),football
QATAR WORLD CUP EXCITEMENT AND ITS IMPACT ON FANS TOKEN,football
Rams vs. 49ers Odds Discussion Threads,football
Middlesbrough fires Chris Wilder,football
It‚Äôs actually scary to deep how good he is and the fact that he‚Äôs only 21 is crazy!,football
ÿßŸÑÿÆÿ∑Ÿäÿ® Ÿäÿ±ŸÅÿ∂ ÿßŸÑŸÖÿ≥ÿßÿ≥ ÿ®ÿ¥ÿπÿßÿ± ÿßŸÑÿßŸáŸÑŸâ ŸàŸäÿ®ÿ≠ÿ´ ÿßŸÑÿ±ÿπÿßŸäÿ©,football
r/Football Daily Discussion Thread,football
"I edited clips of me and my friends playing football, just wanted to share it with people",football
Why are so many football fans goldfish?,football
Biggest Nonsensical Football Conspiracy Theories,football
"HELP!!üò£ I want to watch ""Football"" ‚öΩ",football
The only top club experienced coach who has not been sacked so far is...,football
"Who is the better team, 2011 Barcelona or current Manchester City?",football
How Does Christopher Nkunku Fit into Chelsea?,football
The Ethics Of Today‚Äôs College Sports Recruitment Industry,football
Who is the most complete footballer to have played the game?,football
FIFA World Cup 2022 QATAR LIVE,football
"Green Galatasaray: Turkish football giant saves almost ‚Ç¨400,000 from its solar roof",football
"Haaland is good, but not excitingly good",football
Which footballer(s) have performed better at a World Cup than they have on any other stage?,football
What are the worst football opinions you've seen?,football
Upvote if you‚Äôre also scared of himüòßüòÖ,football
"Guinea has been stripped of the right to host the 2025 Africa Cup of Nations finals and the bidding for the tournament is set to be reopened on Saturday, the Confederation of African football announced early on Saturday",football
Happy Retirement Legend. one of the most underrated goal scorers in the world 5,football
Premier League: 10 talking points from the weekend‚Äôs action,football
Rodgers to get fired if Leicester lose tonight..,football
Boycott Qatar 2022. It‚Äôs disgusting.,football
Qatar 2022 - DON‚ÄôT watch such bullshit,football
Is Wolves Sacking Bruno Lage a Good Choice?,football
An unofficial API client to search players using the player's reference image and get the player Stats data from the Premier League,football
Who is this footballer? For the longest time I could not remember it,football
"2022 World Cup: Are Africa‚Äôs teams ready? The final international break ahead of the 2022 World Cup in Qatar was instructive to a large extent, with African fans getting a glimpse of what to expect from their national teams at the finals.",football
FIFA 23 Rest Of World League Ratings &amp; Kits,football
whos the best of these 3 for me its the middle one,football
most succed dribles in top 5 leagues,football
Highlights as they stream in immediately,football
soccer highlights all in one place,football
Are there any good quality football boot replicas out there?,football
Why is barcelona so bad even though they have good players?,football
Football Live Stream Online | Soccer Online | Soccer Streams,football
"Buying brand new, but old model of football boots from official website - question about build quality deterioration over time",football
Join us and talk about every match daily. https://discord.gg/vWEw3Kps,football
Research about sport (football),football
Big 12 Standing Matchups. Kansas sitting on top,football
At least 127 dead after riot at Indonesia football match,football
Some beautiful skills we have seen un football üé©,football
"After a rather uneventful International break, The Champions League is Back! P.S: DP show the creator some love!",football
Messi vs. Ronaldo At EVERY AGE,football
All of Ronaldo's matches since his debut in Manchester United.,football
"Lionel Messi Height, Age, Wife, Children, Family, Biography &amp; More",football
"I found this lovely, RIP Abdoulaye Soulama",football
Greatest Goals Of All Time! (youtube),football
At least 174 dead during fan stampede after Indonesian soccer match,football
The greatest of all time i love you leo keep being the best of the best,football
r/Football Daily Discussion Thread,football
This season be like in a nutshell,football
QATAR WORLD CUP EXCITEMENT AND IT IMPACT ON FANS TOKEN,football
Georgia football - Georgia vs Missouri,football
[Match thread - Premier League] Manchester City vs Manchester United,football
Qatar World Cup: Accommodation worries for football fans,football
"Cristiano Ronaldo Height, Birth, Girlfriend, Children and Marriage, Education, Biography &amp; more",football
Watching Haaland song white he scores..!!! üòÇüòÇ,football
How long before the season starts does Pre-Season start?,football
Watching Haaland song untill he scores..!!! üòÇüòÇüòÇ,football
Musiala is going to get the Ballon D‚Äôor for Sureüî•üî•üî•üî•,football
If the passion is true then the destination is not far,football
If the passion is true then the destination is not far,football
i think they should sign speed #manchesterderbyü§£,football
"Haaland vs manunited, before and after the game",football
i think they should sign speed #manchesterderbyü§£,football
Pep Guardiola: 'Zero problems' for Man City when I leave,football
Chicharito confirms LA Galaxy contract extension clause for 2023,football
Manchester City vs Manchester United Ends 6-3 ‚Äì Watch Goals and Highlights,football
Is Haaland the best player in the world right now?,football
Can someone tell me why goalies do the guess jump against Neymar?,football
Erling Haaland has the same amount of Premier League Hat-tricks as Cristiano Ronaldo. He's played just eight matches. Improbable!,football
"I'm getting worried that the Premier league is going to become like the French league. where only one team (man city) are going to win anything for the foreseeable future. I hope this isn't the case, it would be so dull.",football
Anybody know if this store is legit? And how do I tell if stores like this are legit in general?,football
Antonio Brown :-Disturbing footage gets Leaks - oculus network,football
Pros of r/football how many hours would you go to the pitch for training?,football
Bayern Munich vs FC Viktoria Plzen,football
Marseille vs Sporting,football
Ajax vs Napoli,football
Club Brugge vs Atletico Madrid,football
Eintracht Frankfurt vs Tottenham Hotspur,football
FC Porto vs Bayer Leverkusen,football
Inter Milan vs Barcelona,football
Liverpool vs Rangers,football
RB Leipzig vs Celtic,football
Red Bull Salzburg vs Dinamo Zagreb,football
Benfica vs Paris Saint-Germain,football
Chelsea vs AC Milan,football
Juventus vs Maccabi Haifa,football
Manchester City vs FC Copenhagen,football
Real Madrid vs Shakhtar Donetsk,football
Sevilla vs Borussia Dortmund,football
More than 170 football fans lose their life in Indonesia,football
[Match thread - Serie A] Juventus vs Bologna,football
I know I said I do football memes but you know.....,football
[Match thread - La Liga] Real Madrid vs Osasuna,football
I'm FREE to have my own STYLE üí•‚ù§‚öΩÔ∏è,football
Maradona is the most overrated player ever,football
Rihanna Announced as Super Bowl Halftime Show Act,football
Sergio Ramos when he was a kid,football
I've lost my catching ability in Football. What should I do?,football
FIFA 23 Rest Of World League Ratings &amp; Kits,football
"The new ""30 for 30"" on OJ Simpson is going to be amazing",football
World Cup betting bracket/pool?,football
Carlo carlo is the actual Carlo Ancelotti but without his eybrows magic.,football
Remember The Date October 16th ü§Øüî• #shorts,football
Outside of the Foot aka Trivela,football
Feud between Neymar and Kylian Mbappe: Former Real Madrid Defender Sergio Ramos intervened to establish control,football
choose your career üòú let me know what you choose in the comnents üëá #foot...,football
FIFA World Cup Qatar 2022 is coming closer and closer. Which team do you think will win in this global game?,football
THE STRIKER Sat: Premier League Preview,football
"If Portugal and Argentina win their respective groups, we could potentially see Ronaldo and Messi play each other in the FIFA World Cup Final! Ballistic! üáµüáπ üá¶üá∑",football
Neymar is always in style ü§£ü§£ Follow Penalti on Instagram,football
Barcelona Not Interested In Resigning Lionel Messi For Now,football
Koke will today become the player with most appearances in Atletico history,football
which one should I choose: Copa sense .2 vs phantom venom pro ??,football
A Leaked Photo Reveals Ballon d'Or 2022 Winner,football
Football Rants head over to the tiktok post and stitch your rant what gets your blood boiling.,football
[Match thread - Premier League] Arsenal vs Tottenham,football
r/Football Daily Discussion Thread,football
Big chance Nkunku will sign for Chelsea? Do think it is actually going to happen!?,football
This is gonna happen and messi's gonna win the cup,football
is this a good show to play soccer with,football
is this a good soccer shoe to play with,football
Strangest sendings off you‚Äôve seen in a game?,football
[Match thread - Premier League] Crystal Palace vs Chelsea,football
[Match thread - Premier League] Liverpool vs Brighton,football
"Spanish women‚Äôs National team, complete Vilda press conference (in Spanish)",football
"What the biggest upset of the day? Iowa over Michigan, Arkansas over Bama, NC State over Clemson?",football
How many do you recognize out of these players?,football
[Match thread - Serie A] Inter vs AS Roma,football
What are the best football movies and documentaries?,football
[Match thread - La Liga] Sevilla vs Atletico Madrid,football
Arsenal v Tottenham live score goals and etc.,football
Top Picks in Premier League selected by our algorithm,football
What's the best of these four plays? Poll,football
Liverpool VS Brighton match highlights goals and best moments!,football
CONOR GALLAGHER SAVES THE DAY! Chelsea 2-1 Crystal Palace (Match Report),football
[Match thread - Serie A] Empoli vs AC Milan,football
when i got 6 football trainings in week + match is healthy to start going to the gym?,football
[Match thread - Ligue 1] Paris Saint Germain vs Nice,football
[Match thread - La Liga] Mallorca vs Barcelona,football
Has Jurgen Klopp Lost The PLOT?,football
My kid is beasting!! üèàüî•üî•üî•üî•üî•üî•üî•üî•,football
"iptv For those who are interested, we offer an IPTV service for all devices, phone, computer or TV. Just tell us the type of your device and we will provide you with the application that you will use and the login information that we will provide you with. You can try it for 48 hours",football
I wasn‚Äôt able to see Pele play. But i‚Äôve seen Ronaldo(R9) and I‚Äôve never seen a player like him. He‚Äôs unique. There‚Äôs only one Ronaldo. The number one in everything.,football
"Bangals vs Miami Dolphins, the story of Bengals and Dolphins football match",football
Maguire Masterclass Performance vs Germany üò¨üò≥,football
World Cup 1986: Touched by the Hand of God,football
What's your favourite two-goal (or more) quickfire moment in football?,football
r/Football Daily Discussion Thread,football
CRISTIANO RONALDO 7 NEW POSTER,football
Anyone know any matches in which supporters of the away team outnumbered supports of the home team?,football
Vote for my friend on goal of the week,football
Qatar World Cup &amp; Fan Token's Impact.,football
Design ideas in football you‚Äôd like to see,football
Bundesliga Club Installs Hives In Club Colours Near Stadium,football
44+ Lionel Messi Images Photos in HD Free,football
70+ Lionel Messi Wallpaper Images Photos in HD Free,football
Neymar is under fire for his support of Jair Bolsonaro,football
I'm going to say something bold...,football
"Who is actually better, Messi or Ronaldo?",football
How Can We Make World Cup Qualifying Less European-Centric?,football
What are some of your most unpopular football opinions?,football
[Match thread - Copa Argentina] Patronato vs River Plate,football
"Mona Lisa is between Lake Washington and Puget Sound, Seattle, Washing-ton state America",football
"Pu-ge-t Sound, Gold Nug-ge-t, Tar-ge-t are Medici Etherton Code CodeX Leonardo da' Vinci",football
Medici Etherton Code CodeX Leonardo da' Vinci named Co-de M-ed-ici ( de'),football
"1962' Seattle World's Fair Documents Queen gena de' Medici Etherton birthdate: September 24, 1962'",football
"Peacefully, Queen gena de' Medici Etherton birthdate: September 24, 1962'",football
"Peacefully, Queen gena de' Medici Etherton birthdate: September 24, 1962'",football
"Peacefully, Queen gena de' Medici Etherton birthdate: September 24, 1962'",football
"Peacefully, Queen gena de' Medici Etherton birthdate: September 24, 1962'",football
"Peacefully, Queen gena de' Medici Etherton birthdate: September 24, 1962'",football
"Mona Lisa is between Lake Washington and Puget Sound, Seattle, Washing-ton state America",football
The 'M' is for Medici ( Medici-ne) as Leonardo da Vinci is a Medici CodeX Leonardo da' Vinci,football
Las Ve-Gas/ IRAQ/ Oil are Medici Etherton Code CodeX Leonardo da' Vinci,football
Watch live football for free on TV-Sport. It's just for the love we have for sports and sport lovers. Check the comment.,football
[Match thread - Copa Argentina] Boca Juniors vs Quilmes,football
Erling Haaland strength moments #haaland #football #mancity #manutd,football
Deandre ended D Hall‚Äôs career after his trash talküíÄüíÄ #shorts #nfl,football
Female Cop cleared of her involvement in the assault and murder of Ex Aston Villa player Dalian Atkinson,football
FIFA 23 - NextGen Gameplay on PS5 | 4K Ultra HD,football
FIFA Best Player Award List From 1930 to 2018 : https://sportsest.com/fifa-best-player-award-list-from-1930-to-2018/,football
Iran's national football team stunning anthem protest after Mahsa Amini√¢¬Ä¬ôs death,football
FIFA World Cup Most Entertaining Team Award Winners List : https://sportsest.com/fifa-world-cup-most-entertaining-team-award-winners/,football
"Everyone agrees that the 4 Greatest Footballers ever are Pele, Maradona, Ronaldo And Messi (random order). But Who is the 5th one?",football
"Everyone agrees that the 4 Greatest Footballers ever are Pele, Maradona, Ronaldo And Messi (random order). But Who is the 5th one?",football
FIFA World Cup Best Young Player Award Winners List : https://sportsest.com/fifa-world-cup-best-young-player-award-winners-list/,football
FIFA World Cup Golden Boot Award Winners From 1930 to 2018 : https://sportsest.com/fifa-world-cup-golden-boot-award-winners/,football
ÿßŸáÿØÿßŸÅ ÿπŸÑŸâ ÿßŸÑÿ∑ÿßŸäÿ± ÿßÿ¨ŸÖŸÑ ÿßŸáÿØÿßŸÅ ÿØÿ®ŸÑ ŸÉŸäŸÉ,football
How to Buy Online FIFA World Cup Tickets 2022 : https://sportsest.com/how-to-buy-online-fifa-world-cup-tickets-2022/,football
sandroferadze123112311231123112,football
Qatar will spend $220 Billion on the FIFA football world cup more than individual GDP of 100 Countries,football
"Hi guys, I'd like to introduce you to my scouting page, I ask you to visit it and if you like it, leave your feedback, it will help me... Thank you very much",football
Can You Guess The Name Of The Player In An Arsenal Kit?üòÅ,football
Cristiano Ronaldo vs Messi: Competing Athletes Vote On Who Had A Better Career,football
Perrie Edwards and fianc√© Alex Oxlade-Chamberlain 'raided by burglars',football
Premier League predictions: Chris Sutton takes on Sports Team drummer and Man Utd fan Al Greenwood for this weekend's games,football
Trent Alexander-Arnold‚Ä¶perhaps unpopular as I say it?,football
A Rubix Cube is like a Universe. A big puzzle. Don't you agree?,football
ISL team support check tell us about your favorite team,football
"Draft kings, if anyone hasn‚Äôt signed up yet here‚Äôs my url so we can both get 100 in free bets. Lmk",football
Qatar's Ultimate Football Player Experience,football
Weston McKennie explains special relationship with USMNT teammate Tyler Adams,football
Denmark to wear 'toned down' jerseys in protest at hosts Qatar,football
Does anyone know what the record for most clean sheets in a single eredivisie season is?,football
When people say football is better than basketball.,football
Why isn't Sheraldo Becker playing for Surinam national team?,football
Eight countries have won the World Cup. Who do you think is most likely to be the ninth country?,football
Brazil's Talent depth going into the world cup is outrageous! üáßüá∑,football
Will size 5 football (soccer ball) fit into a 60x60x60cm small box?,football
What do you think went wrong ?,football
What is some gadget/tech you wish would be added to football? (e.g. VAR),football
Funniest moments in Women‚Äôs Football #ComedyFootball #Comedy#funniestmoments #funnyfootball#sports,football
Portugal Vs. Spain score : UEFA Nationals League. - Read more here,football
[Match thread - Friendlies] Argentina vs Jamaica,football
"Fifa World Cup 2022 - Tickets and their prices for all categories and how to buy, here is a direct link for ticket booking",football
what are the chances Argentina goes against Portugal in the World Cup final?,football
It's lookin like OBJ and the champs are getting back togetherüëÄ,football
Are there any players who have had similar instructions to what Frenkie De Jong had under ETH?,football
Since it‚Äôs my brothers birthday soon I‚Äôm look for places to buy signed/ vintage football tops,football
Why do offensive guys always get around me when it should be a tackle,football
Can You Use Batting Gloves for Football,football
One word to describe this duel Messi - Ronaldo?,football
2022 TotalEnergies CAF Super Cup Stadium,football
Argentina Vs Jamaica score : Argentina 3 ‚Äì 0 Jamaica - Read more here,football
Check out my Cristiano Ronaldo edit!,football
Who are the top 20 wonderkids in 2022?,football
What can we expect from Iran at the World Cup in Qatar?,football
Test knowledge on shirt players wear at club,football
r/Football Daily Discussion Thread,football
"Players who fall under the same player archetype as Frenkie De Jong, Mousa Dembele, Veratti, kovacic and RLC ?",football
"Mikel Obi Drops Last Words, Bows Out of Professional Football",football
Ronaldo vs Messi stats 2009-2018 most Goals/Assists/G/A,football
Neymar out of the competition??,football
4kings Podcast #58 wow what a week it was!,football
"Why do people who aren't from the USA get mad when Americans call soccer ""soccer""?",football
Newcastle Eye January Bid For Mikhailo Mudryk,football
TrimWatch survey - rating haircuts,football
These is Out of context football,football
FOOTBALL YOUNG GEN AND THEIR IDOLS!!!!!!!!!!! LET ME KNOW WHOM DID I MISS OUT ;),football
Messi caught by surprise by fan,football
IShowSpeed vs Messi in Sidemen Charity Match,football
2022 Fifa World Cup in Qatar is by far the most expensive of all time.,football
Why isn't Ligue 1 better if France is one of the best national teams?,football
They should stop showing fouls just in slowmotion.,football
Let's not Forget Antony's Debut,football
One of my favourite national team players. Thank you for everything Adam! üí™üá≠üá∫,football
I'm curious about a very popular football chant.,football
Harry Maguire blunders are a warning to England ‚Äì right now he is not up to it,football
Would anyone here be able to help me identify who signed this jersey? Won it at an auction for my club years ago.,football
Question on High school football,football
How many players are in the GOAT debate?,football
Is there a chance of CTE if I play from 7 grade to senior year of high school,football
1998 magnet Emmitt Smith üòèüèà I have a lot of vintage stuff,football
In 1998 Brett Favre wasn‚Äôt scamming people lol üòÇ I remember him being one of the greatest quarterbacks,football
Is Karim Benzema basically guaranteed to win the ballon d'or this year?,football
Important to weight loose for every one,football
"JVC store had this hanging flag in its window for the France 98' World Cup and my mum ended up asking if I could have it. My first world cup aged 9 and my first piece of merch ever. Still have it to this day, but I can't find any images of its existing online, so I thought I'd add it to the ether.",football
Are the Adidas Ace 17.3 any good?,football
Football New Gen and Their Idols,football
"Seven-time NASCAR champion Jimmie Johnson, 47, retiring from full-time racing",football
"Match Report : UEFA Nations League ‚Äì England vs Germany (September 27, 2022).",football
r/Football Daily Discussion Thread,football
When was this match played (Japan vs Spain)? I do not recall this game and can't find any info on it on the internet.,football
Christian Pulisic Eyeing Juventus Move,football
Discount code for Real Madrid tickets,football
Luka Modric scored his first Croatia goal in 2006. He is still scoring for then now. Timeless üá≠üá∑,football
"Giroud is definitely underrated. I haven‚Äôt seen many no. 9s that good at one touch football, and attacking intelligence",football
what football goal/post can i buy under 100?,football
Most expensive World Cups in history (Transfermarkt),football
Are there any YouTube channels focusing on analyzing tactics within matches?,football
Who is better Kulusevski or saka,football
[Match thread - Friendlies] Brazil vs Tunisia,football
[Match thread - UEFA Nations League] Portugal vs Spain,football
[Match thread - UEFA Nations League] Ukraine vs Scotland,football
Please do not get insulted and join. You propably also invest! ‚ò∫Ô∏è,football
Professional techniques to kicking soccer ball far,football
"2002-2003 AC Milan squad, legends all around",football
Darwin Nunez FUNNY Training üòÇü§£,football
"‚ÄúIf you are prepared for the worst, you are prepared‚Äù - Jose Mourinho",football
NJ high school football player dies after injury,football
Rooney Signs For Oldham Athletic,football
How much would Chelsea's Christian Pulisic cost Juventus?,football
I wear a hand bandage to 5 aside every week so I don‚Äôt have to do nets.,football
This is football How it needs to be hahaüòÇ,football
Anyone good with remembering old jerseys?,football
What team will you confidently pick in the Bundalisga league that wont disappoint when staking o them,football
My idea for next season FC Barcelona shirt,football
The new kits are üî• get your at Addias,football
Will mbappe be banned from the world cup,football
In need of help for a message on a cake,football
Unsportsmanlike conduct (Remember this?) Go Colts!,football
Where do you find replays of football games?,football
i painted lionel messi (took me so loooooooooooooooooooooooooooooooooooooooooooong),football
'He was fond of parties and women': Former Madrid Coach Fabio Capello reveals he's 'proud' he sold Ronaldo as his departure created a competitive atmosphere,football
Antony highlights vs arsenal in the premier league,football
Jude Bellingham - Assist skills #shorts #bellingham #dortmund,football
World Cup Qatar 2022 Predictions,football
"Group photo of the current top scorers in The PL, CL and nations league.",football
Looking for an Internship in football club,football
Do you know who has more fans in football (2022).Result may surprise you,football
Does anyone remember the companies that offered Stadium games pre-covid?,football
World Cup Predict Public Opinions,football
Who will win World Cup Golden Boot in 2022?,football
Top 3 Valuable Football Players in the World,football
Help me on my soccer/football journey,football
r/Football Daily Discussion Thread,football
"UEFA Nations League Matchday 6 Match Report : Denmark vs France(2:0), September 26 2022.",football
Looking for tickets of friendly matches,football
Lisandro Martinez dismisses criticism &amp; concerns over height,football
Name a player who will win the Ballon d‚ÄôOr in the next 10 years but you can‚Äôt say Erling Haaland or Kylian Mbappe,football
Documents reveal Tory minister‚Äôs push to smooth Saudi Newcastle takeover.,football
"History of sports, First Sports in the world",football
"Who do you think is better, pedri or musiala?",football
"nfl just shown exactly that an ""all star"" game is a bad idea",football
[SPFC] Captain Tsubasa goal style,football
"What is some advice that you would give to young winger, from experience",football
Anyone have good HIIT / LISS workouts (preferably using a treadmill) to improve stamina during games?,football
De Ligt sticks the knife into Juventus with 'step up' Bayern claim,football
"Unpopular opinion: centre back is the easiest position, and I‚Äôm tired of pretending that it‚Äôs not.",football
How Crypto Bridges Sport and Fans,football
Who Should Jude Bellingham Sign For?,football
Clemson football: Perceptions during its two-extra time succeed at Wake Woods,football
I think this Argentina squad is capable of winning the world cup. They're serious contenders. What do you guys think?,football
Leaked Complete Redesign of the English Football League,football
Southgate out Holdbridge in for England sake,football
"Which football players are known for partying, drinking, drugs, etc.?",football
Sir alex whooo????????????????,football
[Match thread - UEFA Nations League] England vs Germany,football
[Match thread - UEFA Nations League] Hungary vs Italy,football
The Best Goalkeeper right now?,football
What in the Manhester United fan,football
England Squad Needs A Big Change?,football
Wenn deutschland gegen Ungarn verliert,football
Brenden Aaronson: I want to become a Leeds club legend,football
It‚Äôs time for Ronaldo to retire,football
Thomas M√ºller: Germany's space interpreter looks tired | DW | 24.09.2022,football
"I am a Messi fan but this was genuinely sad to see, he was one of the greatest strikers at one point but now he's become a punching bag due to old age",football
[Match thread - Liga Profesional Argentina] River Plate vs Talleres Cordoba,football
How to become a player again after puberty?,football
help me remember this football goal by deco,football
Most valuable players not going to the World Cup,football
"Your club winning the league, champions league or your country winning the World Cup?",football
"Who are this players signatures? I borrowed this psg shirt from a friend and in the middle of the game I realize it was signed in the back, I need to know how bad I fucked up",football
Ramsdale's stats in his career,football
"Guys I know mercurials arent good for wide feet / flat feet, but theese 2 models look like they are, are they ?",football
[√ó] Kaka vs Celtic (1st Leg)...Champions League RO16 2006/07,football
I√±aki Williams has made his official Ghana debut üá¨üá≠.,football
"Fatneek, U underestimated Indian submarine (JJ-0/Vik-1)",football
"Improbable for some, impossible for many, Just another day at the work for Erling Haaland. Take a Bow!",football
terrible take. this team would fight for a 6th Place.,football
Rare 2002 Nike Scorpion mirror ball,football
gold bridge is miles clear of southgate,football
Matthias Pogba Reveals More Secrets About Paul Pogba,football
Fantasy football game (sorare),football
Batistuta üá¶üá∑ &amp; Effenberg üá©üá™ at Fiorentina,football
World Cup Predictor App | Qatar 2022,football
r/Football Daily Discussion Thread,football
Which country will win the World Cup in Qatar 2022?,football
Interesting research by Nick Harris about World Cup 2022 in Qatar!,football
üá®üá©RDC: Mais quand s‚Äôarr√™tera la descente aux enfers des L√©opards ?üî• 15 D√©faites üò±üò±,football
we all (the players and the fans) are getting tired of waiting 3 or more minutes after almost every goal to see if the goal counts or not. but what if every team gets 1 moment in a football game where they can call the ref to look at the var screen.,football
Ronaldo's face after recovering from his recent injury,football
"IS good this pics,I'm 14 years old",football
Wisconsin Vs Ohio state. Read More,football
THE BIGGEST RIVALS IN GHANA FOOTBALL,football
We sponsored a non-league footballer,football
Adebayo Akinfenwa: Succeeding Against All Oddsü§ù,football
2003-2004 Arsenal Invincibles squad,football
Ranking women's domestic leagues?,football
"For you, wich Europe national teams do you consider powerhouses?",football
What do you think is Leo messi's best quality,football
are these real boots? if somebody could help me,football
"Hello folks, does anyone know what team this sticker is on?",football
[Match thread - UEFA Nations League] Netherlands vs Belgium,football
"Tobi Manny and Simon, the most dangerous attacking 3 in YouTube football üî•‚öΩÔ∏èü•Ö",football
Where are the lies? üëÄ he only has a goal every 5 months coz your comparing International football to club football.,football
How am I supposed to tell my kids this is the best defensive mid ever?,football
How am I supposed to tell my kids this is the best defensive mid ever?,football
YEAH GET REKT YOU GUYS CHEATED AND HUNGARY STILL WON üá≠üá∫üá≠üá∫üá≠üá∫üá≠üá∫ (Source:UEFA league German-Hungarian match),football
England relegated from Nations League after Giacomo Raspadori's beauty for Italy,football
CZECH REPUBLIC VS PORTUGAL Head to head potential starting lineups | UEF...,football
Winning First Ever Match On FUT Champs In FIFA 22!,football
HARRY MAGUIRE - Phong ƒë·ªô hi·ªán t·∫°i ch·ªâ l√† nh·∫•t th·ªùi th√¥i | H·ªÄ B√ìNG ƒê√Å,football
Petition to Sack Southgate. Sign now.,football
Who would be the most suitable coach to manage this Angry XI?,football
To the Italian team fans would you rather?,football
Where can I purchase/order a combined national team jersey in time for the world cup?,football
Anyone looking for free Trial and Best UK premium tv Subscription with 16000+ live channels and 80000 vods series movies just send me text in personal or Contact on WhatsApp https://wa.me/+447466686984,football
Anyone looking for free Trial and Best UK premium tv Subscription with 16000+ live channels and 80000 vods series movies just send me text in personal or Contact on WhatsApp https://wa.me/+447466686984,football
Who is the better player? Son Or Mane,football
Mf made us believe that winning 9 MOTM in the last 10 games is normal!,football
Test your knowledge about captain of club this season,football
Just look at the Squad Depth of Brazil üáßüá∑! Sensational!,football
France Football announced this week that there the 'Socrates Award' will be given to a player with the best social initiative this year. Who could be the first to win in?,football
Premier League season 2022-2023,football
Why call up this guy and not even have him in the squad?,football
r/Football Daily Discussion Thread,football
Cristiano Ronaldo Charged By The FA!,football
Arsenal want to revive 'lucrative' Super League proposal.,football
What do international managers do when there isn't an international tournament/matched?,football
"Brazil World Cup 2022 squad list, fixtures and latest odds - 21Sports News %",football
Just wondering how do football interviews and commentators know they‚Äôre live?,football
"england, its coming home right? üò¨üò¨üò¨üò¨üò¨",football
Remembering this Lazio team 98-99,football
[Match thread - UEFA Nations League] Czech Republic vs Portugal,football
[Match thread - UEFA Nations League] Spain vs Switzerland,football
This matchüî•benzema vs lewa and Vinci vs dembele,football
Thinking about some changes in the penalty kick,football
Tottenham - Arsenal 1 October 2022,football
Letssssssssss goooooooo speedd,football
https://twitter.com/nocontextgatos/status/1573752242301181952?t=4azTze2x9D--5Fj79KYpCQ&amp;s=19,football
Why are VAR decisions not made via majority vote?,football
Why does Wales vs Belgium happen so much,football
"The words that all football fans dread ...."" International break"".....",football
Why isn't Sheraldo Becker playing for Surinam national team?,football
What apps do you guys use to watch PL on android?,football
it's pele overrated? i feel like he is the greatest player,football
How would Israel perform in the AFC?,football
I‚Äôm just gonna leave this right here,football
Getting a drink/food at a game is becoming impossible.,football
Do y'all think this is a foul or not?,football
Is Ivan Toney really only 5‚Äô10‚Äù?,football
The best Champions League games of all time ranked - Do you agree?,football
r/Football Daily Discussion Thread,football
[Match thread - Friendlies] Japan vs USA,football
Who u got winning Qatar World Cup?,football
Unpopular Opinion: Neymar is closer to Ronaldo than Ronaldo is closer to Messi.,football
FA claims LGBTQ+ fans won‚Äôt be arrested for kissing at Qatar World Cup,football
When the World Cup kicks off in Qatar on Nov. 20 fans can expect a flurry of stats and match footage on social media and FIFA is hoping that includes data and content from a new player app,football
Why Is Messi Far More Better Than That Of Ronaldo?,football
Spanish FA standing by women's head coach as 15 players threaten to quit,football
Stade Louis II - Monaco (1950),football
Need help with this weeks picks I know actually nothing about football,football
Help for player of the week Highschool,football
Nations League is a joke or pain in the ass. I said it as a Hungarian. We like to overrate the nothing. But it still looks funny‚Ä¶,football
Fifa 2022 Update: Qatar to suspend entry of visitors during Fifa World Cup,football
Never seen anything more accurate than this üòÇ,football
"Wolves vs. Man City result, highlights &amp; analysis as Grealish and Haaland strike to send champions top. Read more here",football
[Match thread - UEFA Nations League] Germany vs Hungary,football
[Match thread - UEFA Nations League] Italy vs England,football
Suarez - the most underrated striker in FUT 22?,football
Will my entry be denied?Help please,football
"Just one hour ago, Georgia won 2:0 against North Macedonia. (Image taken by me)",football
Brazil vs Ghana: International Friendly Live Streaming | Sports World,football
Tacolandia houston - Classified Ad,football
"Does anyone know/remember this app called Ultimate Fan Live (UFL)? If you remember, give your opinion on it.",football
Highest-rated players - Other European top Divisions 22/23 (not including top 5 leagues players),football
New Adidas shirt drop for the WC. Anyone know where to get this long sleeve shirt?,football
"This was one of the greatest periods in football, also this trio was so entertaining to watch. COLD PHOTO!",football
r\football r\techmology r\stats.,football
The cost of human rights abuses in Qatar,football
"pessi wallpaper, thisus my title i guess but since the post requires 30 letters atleast in heading I'm going on",football
"pessi wallpaper, thisus my title i guess but since the post requires 30 letters atleast in heading I'm going on",football
A gay football fan‚Äôs message to Qatar in front of the Qatar Ambassador,football
Magista opus ll elite heat map (soft ground),football
Doncaster City have applied for a place in the Scottish Cup,football
Bayern fan gets signed Thomas Muller shirt after hacking club website,football
r/Football Daily Discussion Thread,football
primer league at the moment lol,football
not big knee pain from playing,football
"Post Separation from Her Husband, Shakira Says That It is an Incredibly Difficult Period",football
Discussion: Getting a drink/food at a game is starting to get impossible,football
Italy vs England l England Potential Lineup | UEFA Nations League - Leag...,football
Sorare Football fantasy game !!,football
Proud Dad üòç Best football moments,football
Gabriel Jesuss üï∫üáßüá∑‚ú®Gabriel Jesuss üï∫üáßüá∑‚ú®Gabriel Jesuss üï∫üáßüá∑‚ú®,football
"The EU has become a nation state and you've been hired as the new manager, what is your lineup?",football
"Ever imagined why a Barcelona supporter is called a Cule ? The nickname culer for a Barcelona supporter is derived from the Catalan cul (English: arse), as the spectators at the first stadium, Camp de la Ind√∫stria, sat with their culs over the stand.",football
Who is winning champions league and who do you think they will face in the final?,football
"Erling Haaland has more premier league goals than Cristiano Ronaldo, Mo Salah and Gabriel Jesus in 2022. He made his Debut in August. Simply Inhuman!",football
Which 2 teams will be in the champions league final?,football
Two players‚Ä¶ who you taking? ü§î,football
Pranking a die hard football fan üèà,football
"Norwich Official Match day programme, September 11 - 1982. Norwich V Southampton W/signatures on back and front, any info would be amazing",football
Nike Have Already Ruined This Years World Cup,football
"Sport is Medici Etherton Co-de. S-Port, Sp-OR-t O-Opera and R-ruby CodeX Leonardo da' Vinci",football
Medici Etherton Code CodeX Leonardo da' Vinci,football
"Peacefully. Queen gena de' Medici Etherton birthdate: September 24, 1962",football
"Peacefully, Queen gena de' Medici Etherton birthdate: September 24, 1962",football
"Peacefully. Queen gena de Medici Etherton birthdate: September 24, 1962",football
"Peacefully, Queen gena de' Medici Etherton",football
God's Artist Colony the Queen gena de' Medici Etherton Artist Colony,football
"1962' Seattle World's Fair Documents Queen gena de' Medici Etherton birthdate: September 24, 1962",football
"God's Holy Family, Or-angutans O-pera and R-ruby CodeX Leonardo da' Vinci",football
"Medici Etherton Gifted Gene, a gift from God. 23"" womens cranium proof of a Gifted Gene. Peacefully, Queen gena de' Medici Etherton",football
Medici Etherton Code CodeX Leonardo da' Vinci,football
[Match thread - UEFA Nations League] Poland vs Netherlands,football
"Queen gena de' Medici Etherton fundraise for the homeless on facebook, for my birthday. September 24, 1962",football
"September 24, 1962' Documented Queen gena de' Medici Etherton birthdate. I have a fundraiser for the homeless on facebook. Peacefully, Queen gena de' Medici Etherton",football
Why the Medici Etherton's can NOT get a news article?,football
"Peacefully, Queen gena de' Medici Etherton birthdate: September 24, 1962",football
"Peacefully, Queen gena de' Medici Etherton birthdate: September 24, 1962",football
World Cup 1982: Rossi‚Äôs Redemption,football
Are you a true Premier League fan?,football
How many of these do you know?,football
Is Swearing at the ref a red card?,football
Antonio Conte's reactions to HUGE Premier League win! | CONTE CAM | Spur...,football
Best position üëå Best cr7 goal ever,football
It‚Äôs called soccer. End of story.,football
Is Ronaldo body and fitness longevity really that superior to all the other players his age?,football
Help me on my soccer/football journey,football
"What socks are these found a pair but there used, anyone know we‚Äôre to find new ones",football
Erling Haaland is like Zlatan Ibrahimovic #haaland #ibrahimovic #shorts,football
"If you had a say in the future of the sport, what would you do?",football
I love Manchester United &amp; Ronaldo,football
‚öΩNeymer‡Æê ‡Æö‡Ææ‡ÆØ‡Øç‡Æ§‡Øç‡Æ§ ‡Æï‡Ææ‡Æ≤‡Øç‡Æ™‡Æ®‡Øç‡Æ§‡ØÅ ‡Æµ‡ØÄ‡Æ∞‡Ææ‡Æô‡Øç‡Æï‡Æ©‡Øà (2022) | Adorable Football Skills |...,football
Best Hesgoal Alternatives Sites Like Hesgoal.com Live Stream 2022 - iTech Book,football
Guess football club by nationality,football
Does Ronaldo bring toxicity to the dressing room ? Him after winning Euro 2016,football
"Before the Papa Johns trophy there was the JPT, and Chesterfield fans know just how important it used to be for English football",football
r/Football Daily Discussion Thread,football
The comment section is quiet interesting but this one stands apartüòÖüòÖ,football
"Ronaldo is not even good as ya‚Äôll think, he literally has 1(succ.) dribbles this season.",football
Just see how media hyped Ronaldo.,football
Can someone please tell me the name of the first move/skill? I wanna try it ( beginner ) but I don't know the name of it to even search it up,football
WATCH LIVE SPORT FREE AND MOVIE!!,football
Cryptocurrency enthusiast Arif Efendi dissects the football fans‚Äô tokens,football
Manchester football contract offer-could this be the earliest around? In 1892 my wife‚Äôs Great Grandfather received a contract offer from West Manchester football Club. ‚Äúyou are selected to play on Saturday‚Ä¶be in good form as we need to win‚Äù. [OC],football
"My new football team, love the new kit hah",football
One of the players to watch in Scotland - Ukraine,football
Some of the best footballers tier list this is only my opinion and I respect everyone‚Äôs opinion,football
Any idea what team or school this vintage photo is from?,football
RONALDO !VS! MESSI #shorts siuuuuuu,football
"Premier League Stats Leaders during the 2018/19 season? Paul Pogba stands out. What are other examples of ""No Help"" in football history?",football
[Match thread - UEFA Nations League] Scotland vs Ukraine,football
Sky Sports rolling out the 3 part special of Potter career through the years,football
Nike phantom hypervenom phelon 3,football
